idna_subject,checker_type,destination,source,tested_at
pr.analytics.console.aws.a2z.com,AVAILABILITY,origin.list,/home/runner/work/adaway.github.io_git_AdAway/adaway.github.io_git_AdAway/origin.list,2021-01-13 20:40:11.602198
prod.pr.analytics.console.aws.a2z.com,AVAILABILITY,origin.list,/home/runner/work/adaway.github.io_git_AdAway/adaway.github.io_git_AdAway/origin.list,2021-01-13 20:40:17.761157
pw.analytics.console.aws.a2z.com,AVAILABILITY,origin.list,/home/runner/work/adaway.github.io_git_AdAway/adaway.github.io_git_AdAway/origin.list,2021-01-13 20:40:37.154791
prod.pw.analytics.console.aws.a2z.com,AVAILABILITY,origin.list,/home/runner/work/adaway.github.io_git_AdAway/adaway.github.io_git_AdAway/origin.list,2021-01-13 20:40:43.282500
apps.ad-x.co.uk,AVAILABILITY,origin.list,/home/runner/work/adaway.github.io_git_AdAway/adaway.github.io_git_AdAway/origin.list,2021-01-13 20:45:42.049780
halo.ad.gt,AVAILABILITY,origin.list,/home/runner/work/adaway.github.io_git_AdAway/adaway.github.io_git_AdAway/origin.list,2021-01-13 20:45:53.111860
sdk.adbuddiz.com,AVAILABILITY,origin.list,/home/runner/work/adaway.github.io_git_AdAway/adaway.github.io_git_AdAway/origin.list,2021-01-13 20:49:02.988875
tools.adcolony.com,AVAILABILITY,origin.list,/home/runner/work/adaway.github.io_git_AdAway/adaway.github.io_git_AdAway/origin.list,2021-01-13 20:50:48.551943
folder.adfuture.cn,AVAILABILITY,origin.list,/home/runner/work/adaway.github.io_git_AdAway/adaway.github.io_git_AdAway/origin.list,2021-01-13 20:54:39.280430
fotacontrol.adfuture.cn,AVAILABILITY,origin.list,/home/runner/work/adaway.github.io_git_AdAway/adaway.github.io_git_AdAway/origin.list,2021-01-13 20:54:51.776444
dcs.adgear.com,AVAILABILITY,origin.list,/home/runner/work/adaway.github.io_git_AdAway/adaway.github.io_git_AdAway/origin.list,2021-01-13 20:55:17.556128
ulink.adjust.com,AVAILABILITY,origin.list,/home/runner/work/adaway.github.io_git_AdAway/adaway.github.io_git_AdAway/origin.list,2021-01-19 13:15:48.419804
ufs.adkmob.com,AVAILABILITY,origin.list,/home/runner/work/adaway.github.io_git_AdAway/adaway.github.io_git_AdAway/origin.list,2021-01-19 13:17:21.032132
brandsafe.adlooxtracking.com,AVAILABILITY,origin.list,/home/runner/work/adaway.github.io_git_AdAway/adaway.github.io_git_AdAway/origin.list,2021-01-19 13:18:42.821312
adx.admaster.com.cn,AVAILABILITY,origin.list,/home/runner/work/adaway.github.io_git_AdAway/adaway.github.io_git_AdAway/origin.list,2021-01-19 13:28:05.367677
cm.admaster.com.cn,AVAILABILITY,origin.list,/home/runner/work/adaway.github.io_git_AdAway/adaway.github.io_git_AdAway/origin.list,2021-01-19 13:28:40.240270
iclick.cm.admaster.com.cn,AVAILABILITY,origin.list,/home/runner/work/adaway.github.io_git_AdAway/adaway.github.io_git_AdAway/origin.list,2021-01-19 13:28:56.841838
ipinyou.cm.admaster.com.cn,AVAILABILITY,origin.list,/home/runner/work/adaway.github.io_git_AdAway/adaway.github.io_git_AdAway/origin.list,2021-01-19 13:29:12.938995
mgtv.cm.admaster.com.cn,AVAILABILITY,origin.list,/home/runner/work/adaway.github.io_git_AdAway/adaway.github.io_git_AdAway/origin.list,2021-01-19 13:29:29.368076
sohutv.cm.admaster.com.cn,AVAILABILITY,origin.list,/home/runner/work/adaway.github.io_git_AdAway/adaway.github.io_git_AdAway/origin.list,2021-01-19 13:29:46.929670
xtrader.cm.admaster.com.cn,AVAILABILITY,origin.list,/home/runner/work/adaway.github.io_git_AdAway/adaway.github.io_git_AdAway/origin.list,2021-01-19 13:30:02.980147
reachmax-cm.admaster.com.cn,AVAILABILITY,origin.list,/home/runner/work/adaway.github.io_git_AdAway/adaway.github.io_git_AdAway/origin.list,2021-01-19 13:30:34.101117
yoyi-cm.admaster.com.cn,AVAILABILITY,origin.list,/home/runner/work/adaway.github.io_git_AdAway/adaway.github.io_git_AdAway/origin.list,2021-01-19 13:31:51.615996
l.admedo.com,AVAILABILITY,origin.list,/home/runner/work/adaway.github.io_git_AdAway/adaway.github.io_git_AdAway/origin.list,2021-01-19 13:32:24.855176
fonts.ad.admitad.com,AVAILABILITY,origin.list,/home/runner/work/adaway.github.io_git_AdAway/adaway.github.io_git_AdAway/origin.list,2021-01-19 13:34:03.078705
apdc3n.adpushup.com,AVAILABILITY,origin.list,/home/runner/work/adaway.github.io_git_AdAway/adaway.github.io_git_AdAway/origin.list,2021-01-19 13:52:28.026518
geo.adpushup.com,AVAILABILITY,origin.list,/home/runner/work/adaway.github.io_git_AdAway/adaway.github.io_git_AdAway/origin.list,2021-01-19 13:52:49.689610
api.adsnative.com,AVAILABILITY,origin.list,/home/runner/work/adaway.github.io_git_AdAway/adaway.github.io_git_AdAway/origin.list,2021-01-19 14:02:01.340577
api-cache.adsnative.com,AVAILABILITY,origin.list,/home/runner/work/adaway.github.io_git_AdAway/adaway.github.io_git_AdAway/origin.list,2021-01-19 14:02:07.052353
rudy.adsnative.com,AVAILABILITY,origin.list,/home/runner/work/adaway.github.io_git_AdAway/adaway.github.io_git_AdAway/origin.list,2021-01-19 14:02:13.012736
snap.adsrvr.org,AVAILABILITY,origin.list,/home/runner/work/adaway.github.io_git_AdAway/adaway.github.io_git_AdAway/origin.list,2021-01-19 14:05:35.946809
folder.adsunflower.com,AVAILABILITY,origin.list,/home/runner/work/adaway.github.io_git_AdAway/adaway.github.io_git_AdAway/origin.list,2021-01-19 14:06:53.646715
ums.adtech.com,AVAILABILITY,origin.list,/home/runner/work/adaway.github.io_git_AdAway/adaway.github.io_git_AdAway/origin.list,2021-01-19 14:20:35.217553
marmalade.adthrive.com,AVAILABILITY,origin.list,/home/runner/work/adaway.github.io_git_AdAway/adaway.github.io_git_AdAway/origin.list,2021-01-19 14:22:42.685247
admp-tc-delfilt.adtlgc.com,AVAILABILITY,origin.list,/home/runner/work/adaway.github.io_git_AdAway/adaway.github.io_git_AdAway/origin.list,2021-01-19 14:24:10.553355
pxl.ace.advertising.com,AVAILABILITY,origin.list,/home/runner/work/adaway.github.io_git_AdAway/adaway.github.io_git_AdAway/origin.list,2021-01-19 14:30:27.765017
ace-tag.advertising.com,AVAILABILITY,origin.list,/home/runner/work/adaway.github.io_git_AdAway/adaway.github.io_git_AdAway/origin.list,2021-01-19 14:30:33.347497
wtag.adaptv.advertising.com,AVAILABILITY,origin.list,/home/runner/work/adaway.github.io_git_AdAway/adaway.github.io_git_AdAway/origin.list,2021-01-19 14:31:17.389292
as.adtech.advertising.com,AVAILABILITY,origin.list,/home/runner/work/adaway.github.io_git_AdAway/adaway.github.io_git_AdAway/origin.list,2021-01-19 14:31:49.772369
sp.advertising.com,AVAILABILITY,origin.list,/home/runner/work/adaway.github.io_git_AdAway/adaway.github.io_git_AdAway/origin.list,2021-01-19 14:32:14.614098
service.sp.advertising.com,AVAILABILITY,origin.list,/home/runner/work/adaway.github.io_git_AdAway/adaway.github.io_git_AdAway/origin.list,2021-01-19 14:32:20.692094
ssp.advertising.com,AVAILABILITY,origin.list,/home/runner/work/adaway.github.io_git_AdAway/adaway.github.io_git_AdAway/origin.list,2021-01-19 14:32:30.436187
adbetnet.advertserve.com,AVAILABILITY,origin.list,/home/runner/work/adaway.github.io_git_AdAway/adaway.github.io_git_AdAway/origin.list,2021-01-19 14:34:00.240520
folder.advmob.cn,AVAILABILITY,origin.list,/home/runner/work/adaway.github.io_git_AdAway/adaway.github.io_git_AdAway/origin.list,2021-01-19 14:35:34.316940
setting.adzcore.com,AVAILABILITY,origin.list,/home/runner/work/adaway.github.io_git_AdAway/adaway.github.io_git_AdAway/origin.list,2021-01-19 14:37:41.486393
debug.aerserv.com,AVAILABILITY,origin.list,/home/runner/work/adaway.github.io_git_AdAway/adaway.github.io_git_AdAway/origin.list,2021-01-19 14:39:07.479729
innovid.com.akadns.net,AVAILABILITY,origin.list,/home/runner/work/adaway.github.io_git_AdAway/adaway.github.io_git_AdAway/origin.list,2021-01-19 14:43:05.516163
ag.innovid.com.akadns.net,AVAILABILITY,origin.list,/home/runner/work/adaway.github.io_git_AdAway/adaway.github.io_git_AdAway/origin.list,2021-01-19 14:43:11.617133
dts.innovid.com.akadns.net,AVAILABILITY,origin.list,/home/runner/work/adaway.github.io_git_AdAway/adaway.github.io_git_AdAway/origin.list,2021-01-19 14:43:25.276065
rtr.innovid.com.akadns.net,AVAILABILITY,origin.list,/home/runner/work/adaway.github.io_git_AdAway/adaway.github.io_git_AdAway/origin.list,2021-01-19 14:43:38.888337
s.innovid.com.akadns.net,AVAILABILITY,origin.list,/home/runner/work/adaway.github.io_git_AdAway/adaway.github.io_git_AdAway/origin.list,2021-01-19 14:43:52.738285
stickyadstv.com.akadns.net,AVAILABILITY,origin.list,/home/runner/work/adaway.github.io_git_AdAway/adaway.github.io_git_AdAway/origin.list,2021-01-19 14:44:10.989684
ads.stickyadstv.com.akadns.net,AVAILABILITY,origin.list,/home/runner/work/adaway.github.io_git_AdAway/adaway.github.io_git_AdAway/origin.list,2021-01-19 14:44:17.062475
cdn.stickyadstv.com.akadns.net,AVAILABILITY,origin.list,/home/runner/work/adaway.github.io_git_AdAway/adaway.github.io_git_AdAway/origin.list,2021-01-19 14:44:39.235070
tidaltv.com.akadns.net,AVAILABILITY,origin.list,/home/runner/work/adaway.github.io_git_AdAway/adaway.github.io_git_AdAway/origin.list,2021-01-19 14:44:56.705693
turn.com.akadns.net,AVAILABILITY,origin.list,/home/runner/work/adaway.github.io_git_AdAway/adaway.github.io_git_AdAway/origin.list,2021-01-19 14:45:16.422222
weighted.com.akadns.net,AVAILABILITY,origin.list,/home/runner/work/adaway.github.io_git_AdAway/adaway.github.io_git_AdAway/origin.list,2021-01-19 14:45:48.887005
dotomi.weighted.com.akadns.net,AVAILABILITY,origin.list,/home/runner/work/adaway.github.io_git_AdAway/adaway.github.io_git_AdAway/origin.list,2021-01-19 14:45:55.000161
legacy.dotomi.weighted.com.akadns.net,AVAILABILITY,origin.list,/home/runner/work/adaway.github.io_git_AdAway/adaway.github.io_git_AdAway/origin.list,2021-01-19 14:46:04.857569
iad.legacy.dotomi.weighted.com.akadns.net,AVAILABILITY,origin.list,/home/runner/work/adaway.github.io_git_AdAway/adaway.github.io_git_AdAway/origin.list,2021-01-19 14:46:14.922580
us.iad.legacy.dotomi.weighted.com.akadns.net,AVAILABILITY,origin.list,/home/runner/work/adaway.github.io_git_AdAway/adaway.github.io_git_AdAway/origin.list,2021-01-19 14:46:20.978845
sjc.legacy.dotomi.weighted.com.akadns.net,AVAILABILITY,origin.list,/home/runner/work/adaway.github.io_git_AdAway/adaway.github.io_git_AdAway/origin.list,2021-01-19 14:46:27.220705
us.sjc.legacy.dotomi.weighted.com.akadns.net,AVAILABILITY,origin.list,/home/runner/work/adaway.github.io_git_AdAway/adaway.github.io_git_AdAway/origin.list,2021-01-19 14:46:33.254430
sjc.dotomi.weighted.com.akadns.net,AVAILABILITY,origin.list,/home/runner/work/adaway.github.io_git_AdAway/adaway.github.io_git_AdAway/origin.list,2021-01-19 14:46:39.584911
us.sjc.dotomi.weighted.com.akadns.net,AVAILABILITY,origin.list,/home/runner/work/adaway.github.io_git_AdAway/adaway.github.io_git_AdAway/origin.list,2021-01-19 14:46:45.620262
us.dotomi.weighted.com.akadns.net,AVAILABILITY,origin.list,/home/runner/work/adaway.github.io_git_AdAway/adaway.github.io_git_AdAway/origin.list,2021-01-19 14:46:55.572620
comscore.akadns.net,AVAILABILITY,origin.list,/home/runner/work/adaway.github.io_git_AdAway/adaway.github.io_git_AdAway/origin.list,2021-01-19 14:47:09.453008
dvgtm.akadns.net,AVAILABILITY,origin.list,/home/runner/work/adaway.github.io_git_AdAway/adaway.github.io_git_AdAway/origin.list,2021-01-19 14:47:24.998761
eyeblaster.akadns.net,AVAILABILITY,origin.list,/home/runner/work/adaway.github.io_git_AdAway/adaway.github.io_git_AdAway/origin.list,2021-01-19 14:48:00.419902
rubiconproject.net.akadns.net,AVAILABILITY,origin.list,/home/runner/work/adaway.github.io_git_AdAway/adaway.github.io_git_AdAway/origin.list,2021-01-19 14:48:33.687234
kaltura.perf.akadns.net,AVAILABILITY,origin.list,/home/runner/work/adaway.github.io_git_AdAway/adaway.github.io_git_AdAway/origin.list,2021-01-19 14:49:56.635988
origin.kaltura.perf.akadns.net,AVAILABILITY,origin.list,/home/runner/work/adaway.github.io_git_AdAway/adaway.github.io_git_AdAway/origin.list,2021-01-19 14:50:02.673824
adgrx.com.tech.akadns.net,AVAILABILITY,origin.list,/home/runner/work/adaway.github.io_git_AdAway/adaway.github.io_git_AdAway/origin.list,2021-01-19 14:50:12.588096
vungle.akadns.net,AVAILABILITY,origin.list,/home/runner/work/adaway.github.io_git_AdAway/adaway.github.io_git_AdAway/origin.list,2021-01-19 14:50:27.930823
appsflyer.com.akamaized.net,AVAILABILITY,origin.list,/home/runner/work/adaway.github.io_git_AdAway/adaway.github.io_git_AdAway/origin.list,2021-01-19 14:51:26.734874
heytapimg.com.akamaized.net,AVAILABILITY,origin.list,/home/runner/work/adaway.github.io_git_AdAway/adaway.github.io_git_AdAway/origin.list,2021-01-19 14:51:37.010319
api.altamob.com,AVAILABILITY,origin.list,/home/runner/work/adaway.github.io_git_AdAway/adaway.github.io_git_AdAway/origin.list,2021-01-19 14:53:37.089949
aan.amazon-adsystem.com,AVAILABILITY,origin.list,/home/runner/work/adaway.github.io_git_AdAway/adaway.github.io_git_AdAway/origin.list,2021-01-19 14:53:59.917489
cloud.appcelerator.com,AVAILABILITY,origin.list,/home/runner/work/adaway.github.io_git_AdAway/adaway.github.io_git_AdAway/origin.list,2021-01-19 15:12:40.546914
api-scsdk.appcloudbox.net,AVAILABILITY,origin.list,/home/runner/work/adaway.github.io_git_AdAway/adaway.github.io_git_AdAway/origin.list,2021-01-19 15:13:27.463596
api.appdynamics.com,AVAILABILITY,origin.list,/home/runner/work/adaway.github.io_git_AdAway/adaway.github.io_git_AdAway/origin.list,2021-01-19 15:13:38.239870
config.appjolt.com,AVAILABILITY,origin.list,/home/runner/work/adaway.github.io_git_AdAway/adaway.github.io_git_AdAway/origin.list,2021-01-19 15:20:07.448872
banners.itunes.apple.com,AVAILABILITY,origin.list,/home/runner/work/adaway.github.io_git_AdAway/adaway.github.io_git_AdAway/origin.list,2021-01-19 15:20:35.948781
am.appserver-ap.com,AVAILABILITY,origin.list,/home/runner/work/adaway.github.io_git_AdAway/adaway.github.io_git_AdAway/origin.list,2021-01-19 15:26:16.657516
rg.appserver-ap.com,AVAILABILITY,origin.list,/home/runner/work/adaway.github.io_git_AdAway/adaway.github.io_git_AdAway/origin.list,2021-01-19 15:26:34.235385
am.appserver-cp.com,AVAILABILITY,origin.list,/home/runner/work/adaway.github.io_git_AdAway/adaway.github.io_git_AdAway/origin.list,2021-01-19 15:26:54.874924
statsgoogle.appsflyer.com,AVAILABILITY,origin.list,/home/runner/work/adaway.github.io_git_AdAway/adaway.github.io_git_AdAway/origin.list,2021-01-19 15:28:43.580613
dptr.areyouahuman.com,AVAILABILITY,origin.list,/home/runner/work/adaway.github.io_git_AdAway/adaway.github.io_git_AdAway/origin.list,2021-01-19 15:34:32.907638
n.areyouahuman.com,AVAILABILITY,origin.list,/home/runner/work/adaway.github.io_git_AdAway/adaway.github.io_git_AdAway/origin.list,2021-01-19 15:34:51.090980
n-cdn.areyouahuman.com,AVAILABILITY,origin.list,/home/runner/work/adaway.github.io_git_AdAway/adaway.github.io_git_AdAway/origin.list,2021-01-19 15:35:08.412299
static.ad.atdmt.com,AVAILABILITY,origin.list,/home/runner/work/adaway.github.io_git_AdAway/adaway.github.io_git_AdAway/origin.list,2021-01-19 15:35:37.069710
tacoda.at.atwola.com,AVAILABILITY,origin.list,/home/runner/work/adaway.github.io_git_AdAway/adaway.github.io_git_AdAway/origin.list,2021-01-19 15:37:54.086398
uc.atwola.com,AVAILABILITY,origin.list,/home/runner/work/adaway.github.io_git_AdAway/adaway.github.io_git_AdAway/origin.list,2021-01-19 15:38:00.345193
y.atwola.com,AVAILABILITY,origin.list,/home/runner/work/adaway.github.io_git_AdAway/adaway.github.io_git_AdAway/origin.list,2021-01-19 15:38:13.921878
update.aubemobile.com,AVAILABILITY,origin.list,/home/runner/work/adaway.github.io_git_AdAway/adaway.github.io_git_AdAway/origin.list,2021-01-19 15:38:45.702245
ads.avocarrot.com,AVAILABILITY,origin.list,/home/runner/work/adaway.github.io_git_AdAway/adaway.github.io_git_AdAway/origin.list,2021-01-19 15:40:40.121019
sdklogs.avocarrot.com,AVAILABILITY,origin.list,/home/runner/work/adaway.github.io_git_AdAway/adaway.github.io_git_AdAway/origin.list,2021-01-19 15:40:46.195527
j.br.baidu.com,AVAILABILITY,origin.list,/home/runner/work/adaway.github.io_git_AdAway/adaway.github.io_git_AdAway/origin.list,2021-01-19 15:44:23.589210
rj.baidu.com,AVAILABILITY,origin.list,/home/runner/work/adaway.github.io_git_AdAway/adaway.github.io_git_AdAway/origin.list,2021-01-19 15:48:53.215047
sdk.batmobi.net,AVAILABILITY,origin.list,/home/runner/work/adaway.github.io_git_AdAway/adaway.github.io_git_AdAway/origin.list,2021-01-19 15:51:29.736163
update.sdk.batmobi.net,AVAILABILITY,origin.list,/home/runner/work/adaway.github.io_git_AdAway/adaway.github.io_git_AdAway/origin.list,2021-01-19 15:51:35.814569
api.bee7.com,AVAILABILITY,origin.list,/home/runner/work/adaway.github.io_git_AdAway/adaway.github.io_git_AdAway/origin.list,2021-01-19 15:52:30.767992
api-proxy.bee7.com,AVAILABILITY,origin.list,/home/runner/work/adaway.github.io_git_AdAway/adaway.github.io_git_AdAway/origin.list,2021-01-19 15:52:36.377810
analytics.bestbuy.com,AVAILABILITY,origin.list,/home/runner/work/adaway.github.io_git_AdAway/adaway.github.io_git_AdAway/origin.list,2021-01-19 15:52:46.793882
sdk-ads.bidmotion.com,AVAILABILITY,origin.list,/home/runner/work/adaway.github.io_git_AdAway/adaway.github.io_git_AdAway/origin.list,2021-01-19 15:55:39.301772
event.prod.bidr.io,AVAILABILITY,origin.list,/home/runner/work/adaway.github.io_git_AdAway/adaway.github.io_git_AdAway/origin.list,2021-01-19 15:55:54.196339
stinger-ad.bidr.io,AVAILABILITY,origin.list,/home/runner/work/adaway.github.io_git_AdAway/adaway.github.io_git_AdAway/origin.list,2021-01-19 15:56:31.536297
us-east-1.stinger-ad.bidr.io,AVAILABILITY,origin.list,/home/runner/work/adaway.github.io_git_AdAway/adaway.github.io_git_AdAway/origin.list,2021-01-19 15:56:37.181899
us-west-2.stinger-ad.bidr.io,AVAILABILITY,origin.list,/home/runner/work/adaway.github.io_git_AdAway/adaway.github.io_git_AdAway/origin.list,2021-01-19 15:56:52.155457
a.bitmango.com,AVAILABILITY,origin.list,/home/runner/work/adaway.github.io_git_AdAway/adaway.github.io_git_AdAway/origin.list,2021-01-19 15:57:24.180972
gcloud.bluecava.com,AVAILABILITY,origin.list,/home/runner/work/adaway.github.io_git_AdAway/adaway.github.io_git_AdAway/origin.list,2021-01-19 15:58:42.116071
graph.gcloud.bluecava.com,AVAILABILITY,origin.list,/home/runner/work/adaway.github.io_git_AdAway/adaway.github.io_git_AdAway/origin.list,2021-01-19 15:58:48.196602
graph.bluecava.com,AVAILABILITY,origin.list,/home/runner/work/adaway.github.io_git_AdAway/adaway.github.io_git_AdAway/origin.list,2021-01-19 15:59:02.755654
ads.bluelithium.com,AVAILABILITY,origin.list,/home/runner/work/adaway.github.io_git_AdAway/adaway.github.io_git_AdAway/origin.list,2021-01-19 16:01:04.331464
sync.c1exchange.com,AVAILABILITY,origin.list,/home/runner/work/adaway.github.io_git_AdAway/adaway.github.io_git_AdAway/origin.list,2021-01-19 16:11:29.472194
apple.comscoreresearch.com,AVAILABILITY,origin.list,/home/runner/work/adaway.github.io_git_AdAway/adaway.github.io_git_AdAway/origin.list,2021-01-19 16:28:15.183715
core.connatix.com,AVAILABILITY,origin.list,/home/runner/work/adaway.github.io_git_AdAway/adaway.github.io_git_AdAway/origin.list,2021-01-19 16:29:20.179050
rtb.connatix.com,AVAILABILITY,origin.list,/home/runner/work/adaway.github.io_git_AdAway/adaway.github.io_git_AdAway/origin.list,2021-01-19 16:29:33.632266
trk.connatix.com,AVAILABILITY,origin.list,/home/runner/work/adaway.github.io_git_AdAway/adaway.github.io_git_AdAway/origin.list,2021-01-19 16:29:39.782223
vcore.connatix.com,AVAILABILITY,origin.list,/home/runner/work/adaway.github.io_git_AdAway/adaway.github.io_git_AdAway/origin.list,2021-01-19 16:29:45.931611
mgr.consensu.org,AVAILABILITY,origin.list,/home/runner/work/adaway.github.io_git_AdAway/adaway.github.io_git_AdAway/origin.list,2021-01-19 16:30:30.219575
sjc-tag-bgp.contextweb.com,AVAILABILITY,origin.list,/home/runner/work/adaway.github.io_git_AdAway/adaway.github.io_git_AdAway/origin.list,2021-01-19 16:33:55.397086
cdne.cpmstar.com,AVAILABILITY,origin.list,/home/runner/work/adaway.github.io_git_AdAway/adaway.github.io_git_AdAway/origin.list,2021-01-19 16:36:57.427915
api.crashlytics.com,AVAILABILITY,origin.list,/home/runner/work/adaway.github.io_git_AdAway/adaway.github.io_git_AdAway/origin.list,2021-01-19 16:37:44.137683
cm.crashlytics.com,AVAILABILITY,origin.list,/home/runner/work/adaway.github.io_git_AdAway/adaway.github.io_git_AdAway/origin.list,2021-01-19 16:37:50.339164
e.crashlytics.com,AVAILABILITY,origin.list,/home/runner/work/adaway.github.io_git_AdAway/adaway.github.io_git_AdAway/origin.list,2021-01-19 16:37:56.372409
reports.crashlytics.com,AVAILABILITY,origin.list,/home/runner/work/adaway.github.io_git_AdAway/adaway.github.io_git_AdAway/origin.list,2021-01-19 16:38:06.075548
as.criteo.com,AVAILABILITY,origin.list,/home/runner/work/adaway.github.io_git_AdAway/adaway.github.io_git_AdAway/origin.list,2021-01-19 16:39:09.434085
hk.as.criteo.com,AVAILABILITY,origin.list,/home/runner/work/adaway.github.io_git_AdAway/adaway.github.io_git_AdAway/origin.list,2021-01-19 16:39:28.827420
jp.as.criteo.com,AVAILABILITY,origin.list,/home/runner/work/adaway.github.io_git_AdAway/adaway.github.io_git_AdAway/origin.list,2021-01-19 16:40:38.203251
eu.criteo.com,AVAILABILITY,origin.list,/home/runner/work/adaway.github.io_git_AdAway/adaway.github.io_git_AdAway/origin.list,2021-01-19 16:41:34.100516
fr.eu.criteo.com,AVAILABILITY,origin.list,/home/runner/work/adaway.github.io_git_AdAway/adaway.github.io_git_AdAway/origin.list,2021-01-19 16:41:53.715470
nl.eu.criteo.com,AVAILABILITY,origin.list,/home/runner/work/adaway.github.io_git_AdAway/adaway.github.io_git_AdAway/origin.list,2021-01-19 16:42:13.085514
prod.criteo.com,AVAILABILITY,origin.list,/home/runner/work/adaway.github.io_git_AdAway/adaway.github.io_git_AdAway/origin.list,2021-01-19 16:43:00.578756
vip.prod.criteo.com,AVAILABILITY,origin.list,/home/runner/work/adaway.github.io_git_AdAway/adaway.github.io_git_AdAway/origin.list,2021-01-19 16:43:07.471926
am5.vip.prod.criteo.com,AVAILABILITY,origin.list,/home/runner/work/adaway.github.io_git_AdAway/adaway.github.io_git_AdAway/origin.list,2021-01-19 16:43:14.723301
da1.vip.prod.criteo.com,AVAILABILITY,origin.list,/home/runner/work/adaway.github.io_git_AdAway/adaway.github.io_git_AdAway/origin.list,2021-01-19 16:43:26.607271
hk5.vip.prod.criteo.com,AVAILABILITY,origin.list,/home/runner/work/adaway.github.io_git_AdAway/adaway.github.io_git_AdAway/origin.list,2021-01-19 16:44:19.045078
par.vip.prod.criteo.com,AVAILABILITY,origin.list,/home/runner/work/adaway.github.io_git_AdAway/adaway.github.io_git_AdAway/origin.list,2021-01-19 16:49:22.512102
ty5.vip.prod.criteo.com,AVAILABILITY,origin.list,/home/runner/work/adaway.github.io_git_AdAway/adaway.github.io_git_AdAway/origin.list,2021-01-19 16:49:34.598940
va1.vip.prod.criteo.com,AVAILABILITY,origin.list,/home/runner/work/adaway.github.io_git_AdAway/adaway.github.io_git_AdAway/origin.list,2021-01-19 16:49:57.209475
us.criteo.com,AVAILABILITY,origin.list,/home/runner/work/adaway.github.io_git_AdAway/adaway.github.io_git_AdAway/origin.list,2021-01-19 16:50:37.200109
da.us.criteo.com,AVAILABILITY,origin.list,/home/runner/work/adaway.github.io_git_AdAway/adaway.github.io_git_AdAway/origin.list,2021-01-19 16:50:56.468056
va.us.criteo.com,AVAILABILITY,origin.list,/home/runner/work/adaway.github.io_git_AdAway/adaway.github.io_git_AdAway/origin.list,2021-01-19 16:52:16.884742
as.criteo.net,AVAILABILITY,origin.list,/home/runner/work/adaway.github.io_git_AdAway/adaway.github.io_git_AdAway/origin.list,2021-01-19 16:52:46.842732
hk.as.criteo.net,AVAILABILITY,origin.list,/home/runner/work/adaway.github.io_git_AdAway/adaway.github.io_git_AdAway/origin.list,2021-01-19 16:52:57.468317
jp.as.criteo.net,AVAILABILITY,origin.list,/home/runner/work/adaway.github.io_git_AdAway/adaway.github.io_git_AdAway/origin.list,2021-01-19 16:53:08.877261
eu.criteo.net,AVAILABILITY,origin.list,/home/runner/work/adaway.github.io_git_AdAway/adaway.github.io_git_AdAway/origin.list,2021-01-19 16:53:23.902380
fr.eu.criteo.net,AVAILABILITY,origin.list,/home/runner/work/adaway.github.io_git_AdAway/adaway.github.io_git_AdAway/origin.list,2021-01-19 16:53:34.985783
nl.eu.criteo.net,AVAILABILITY,origin.list,/home/runner/work/adaway.github.io_git_AdAway/adaway.github.io_git_AdAway/origin.list,2021-01-19 16:53:46.285489
prod.criteo.net,AVAILABILITY,origin.list,/home/runner/work/adaway.github.io_git_AdAway/adaway.github.io_git_AdAway/origin.list,2021-01-19 16:54:05.280709
vip.prod.criteo.net,AVAILABILITY,origin.list,/home/runner/work/adaway.github.io_git_AdAway/adaway.github.io_git_AdAway/origin.list,2021-01-19 16:54:12.085509
am5.vip.prod.criteo.net,AVAILABILITY,origin.list,/home/runner/work/adaway.github.io_git_AdAway/adaway.github.io_git_AdAway/origin.list,2021-01-19 16:54:18.954119
da1.vip.prod.criteo.net,AVAILABILITY,origin.list,/home/runner/work/adaway.github.io_git_AdAway/adaway.github.io_git_AdAway/origin.list,2021-01-19 16:54:31.081000
hk5.vip.prod.criteo.net,AVAILABILITY,origin.list,/home/runner/work/adaway.github.io_git_AdAway/adaway.github.io_git_AdAway/origin.list,2021-01-19 16:54:52.729361
par.vip.prod.criteo.net,AVAILABILITY,origin.list,/home/runner/work/adaway.github.io_git_AdAway/adaway.github.io_git_AdAway/origin.list,2021-01-19 16:55:15.182978
ty5.vip.prod.criteo.net,AVAILABILITY,origin.list,/home/runner/work/adaway.github.io_git_AdAway/adaway.github.io_git_AdAway/origin.list,2021-01-19 16:55:27.389173
va1.vip.prod.criteo.net,AVAILABILITY,origin.list,/home/runner/work/adaway.github.io_git_AdAway/adaway.github.io_git_AdAway/origin.list,2021-01-19 16:55:39.442833
sslwidget.criteo.net,AVAILABILITY,origin.list,/home/runner/work/adaway.github.io_git_AdAway/adaway.github.io_git_AdAway/origin.list,2021-01-19 16:55:56.892145
us.criteo.net,AVAILABILITY,origin.list,/home/runner/work/adaway.github.io_git_AdAway/adaway.github.io_git_AdAway/origin.list,2021-01-19 16:56:07.496161
da.us.criteo.net,AVAILABILITY,origin.list,/home/runner/work/adaway.github.io_git_AdAway/adaway.github.io_git_AdAway/origin.list,2021-01-19 16:56:18.337084
va.us.criteo.net,AVAILABILITY,origin.list,/home/runner/work/adaway.github.io_git_AdAway/adaway.github.io_git_AdAway/origin.list,2021-01-19 16:56:33.064041
userflows.ingest.crittercism.com,AVAILABILITY,origin.list,/home/runner/work/adaway.github.io_git_AdAway/adaway.github.io_git_AdAway/origin.list,2021-01-19 16:57:09.151098
ad.daum.net,AVAILABILITY,origin.list,/home/runner/work/adaway.github.io_git_AdAway/adaway.github.io_git_AdAway/origin.list,2021-01-19 17:01:15.675351
ad.g.daum.net,AVAILABILITY,origin.list,/home/runner/work/adaway.github.io_git_AdAway/adaway.github.io_git_AdAway/origin.list,2021-01-19 17:01:54.706003
ads.deliverimp.com,AVAILABILITY,origin.list,/home/runner/work/adaway.github.io_git_AdAway/adaway.github.io_git_AdAway/origin.list,2021-01-19 17:03:33.773097
collect12717rnssg.deltadna.net,AVAILABILITY,origin.list,/home/runner/work/adaway.github.io_git_AdAway/adaway.github.io_git_AdAway/origin.list,2021-01-19 17:04:44.030192
collect16827pllhm.deltadna.net,AVAILABILITY,origin.list,/home/runner/work/adaway.github.io_git_AdAway/adaway.github.io_git_AdAway/origin.list,2021-01-19 17:04:59.534250
collect16833clhnt.deltadna.net,AVAILABILITY,origin.list,/home/runner/work/adaway.github.io_git_AdAway/adaway.github.io_git_AdAway/origin.list,2021-01-19 17:05:05.642560
search.deployads.com,AVAILABILITY,origin.list,/home/runner/work/adaway.github.io_git_AdAway/adaway.github.io_git_AdAway/origin.list,2021-01-19 17:10:36.032138
pebed.dm.gg,AVAILABILITY,origin.list,/home/runner/work/adaway.github.io_git_AdAway/adaway.github.io_git_AdAway/origin.list,2021-01-19 17:12:43.831649
t.domdex.com,AVAILABILITY,origin.list,/home/runner/work/adaway.github.io_git_AdAway/adaway.github.io_git_AdAway/origin.list,2021-01-19 17:13:20.120164
gourmetads-1.t.domdex.com,AVAILABILITY,origin.list,/home/runner/work/adaway.github.io_git_AdAway/adaway.github.io_git_AdAway/origin.list,2021-01-19 17:13:25.623747
magnetic.t.domdex.com,AVAILABILITY,origin.list,/home/runner/work/adaway.github.io_git_AdAway/adaway.github.io_git_AdAway/origin.list,2021-01-19 17:13:31.597948
ams02-login2-ds.dotomi.com,AVAILABILITY,origin.list,/home/runner/work/adaway.github.io_git_AdAway/adaway.github.io_git_AdAway/origin.list,2021-01-19 17:14:55.248807
font.cj.dotomi.com,AVAILABILITY,origin.list,/home/runner/work/adaway.github.io_git_AdAway/adaway.github.io_git_AdAway/origin.list,2021-01-19 17:15:46.168939
hb.ad.cpe.dotomi.com,AVAILABILITY,origin.list,/home/runner/work/adaway.github.io_git_AdAway/adaway.github.io_git_AdAway/origin.list,2021-01-19 17:16:12.750554
sync.ad.cpe.dotomi.com,AVAILABILITY,origin.list,/home/runner/work/adaway.github.io_git_AdAway/adaway.github.io_git_AdAway/origin.list,2021-01-19 17:16:27.797204
ds-sync.dotomi.com,AVAILABILITY,origin.list,/home/runner/work/adaway.github.io_git_AdAway/adaway.github.io_git_AdAway/origin.list,2021-01-19 17:16:53.472587
mobula.ssl2.duapps.com,AVAILABILITY,origin.list,/home/runner/work/adaway.github.io_git_AdAway/adaway.github.io_git_AdAway/origin.list,2021-01-19 17:35:17.888106
static.dynamicyield.com,AVAILABILITY,origin.list,/home/runner/work/adaway.github.io_git_AdAway/adaway.github.io_git_AdAway/origin.list,2021-01-19 17:38:07.317201
static-lon1.dynamicyield.com,AVAILABILITY,origin.list,/home/runner/work/adaway.github.io_git_AdAway/adaway.github.io_git_AdAway/origin.list,2021-01-19 17:38:16.768801
analytics.edgekey.net,AVAILABILITY,origin.list,/home/runner/work/adaway.github.io_git_AdAway/adaway.github.io_git_AdAway/origin.list,2021-01-19 17:39:31.304861
aaxads.com.edgekey.net,AVAILABILITY,origin.list,/home/runner/work/adaway.github.io_git_AdAway/adaway.github.io_git_AdAway/origin.list,2021-01-19 17:40:37.471742
addthis.com.edgekey.net,AVAILABILITY,origin.list,/home/runner/work/adaway.github.io_git_AdAway/adaway.github.io_git_AdAway/origin.list,2021-01-19 17:40:47.427727
adobetag.com.edgekey.net,AVAILABILITY,origin.list,/home/runner/work/adaway.github.io_git_AdAway/adaway.github.io_git_AdAway/origin.list,2021-01-19 17:41:12.041681
adroll.com.edgekey.net,AVAILABILITY,origin.list,/home/runner/work/adaway.github.io_git_AdAway/adaway.github.io_git_AdAway/origin.list,2021-01-19 17:41:21.999263
aniview.com.edgekey.net,AVAILABILITY,origin.list,/home/runner/work/adaway.github.io_git_AdAway/adaway.github.io_git_AdAway/origin.list,2021-01-19 17:41:35.602374
wildcard.applovin.com.edgekey.net,AVAILABILITY,origin.list,/home/runner/work/adaway.github.io_git_AdAway/adaway.github.io_git_AdAway/origin.list,2021-01-19 17:41:56.983422
betrad.com.edgekey.net,AVAILABILITY,origin.list,/home/runner/work/adaway.github.io_git_AdAway/adaway.github.io_git_AdAway/origin.list,2021-01-19 17:42:10.896319
bkrtx.com.edgekey.net,AVAILABILITY,origin.list,/home/runner/work/adaway.github.io_git_AdAway/adaway.github.io_git_AdAway/origin.list,2021-01-19 17:42:21.045998
bluekai.com.edgekey.net,AVAILABILITY,origin.list,/home/runner/work/adaway.github.io_git_AdAway/adaway.github.io_git_AdAway/origin.list,2021-01-19 17:42:30.900582
casalemedia.com.edgekey.net,AVAILABILITY,origin.list,/home/runner/work/adaway.github.io_git_AdAway/adaway.github.io_git_AdAway/origin.list,2021-01-19 17:42:44.618888
convertexperiments.com.edgekey.net,AVAILABILITY,origin.list,/home/runner/work/adaway.github.io_git_AdAway/adaway.github.io_git_AdAway/origin.list,2021-01-19 17:43:20.754518
cxense.com.edgekey.net,AVAILABILITY,origin.list,/home/runner/work/adaway.github.io_git_AdAway/adaway.github.io_git_AdAway/origin.list,2021-01-19 17:43:30.838222
doubleverify.com.edgekey.net,AVAILABILITY,origin.list,/home/runner/work/adaway.github.io_git_AdAway/adaway.github.io_git_AdAway/origin.list,2021-01-19 17:43:40.638497
evidon.com.edgekey.net,AVAILABILITY,origin.list,/home/runner/work/adaway.github.io_git_AdAway/adaway.github.io_git_AdAway/origin.list,2021-01-19 17:43:50.680976
exacttarget.com.edgekey.net,AVAILABILITY,origin.list,/home/runner/work/adaway.github.io_git_AdAway/adaway.github.io_git_AdAway/origin.list,2021-01-19 17:44:00.767784
flashtalking.com.edgekey.net,AVAILABILITY,origin.list,/home/runner/work/adaway.github.io_git_AdAway/adaway.github.io_git_AdAway/origin.list,2021-01-19 17:44:10.922379
apis.ihg.com.edgekey.net,AVAILABILITY,origin.list,/home/runner/work/adaway.github.io_git_AdAway/adaway.github.io_git_AdAway/origin.list,2021-01-19 17:44:28.828127
innovid.com.edgekey.net,AVAILABILITY,origin.list,/home/runner/work/adaway.github.io_git_AdAway/adaway.github.io_git_AdAway/origin.list,2021-01-19 17:44:35.117889
insightexpressai.com.edgekey.net,AVAILABILITY,origin.list,/home/runner/work/adaway.github.io_git_AdAway/adaway.github.io_git_AdAway/origin.list,2021-01-19 17:44:45.097417
kaltura.com.edgekey.net,AVAILABILITY,origin.list,/home/runner/work/adaway.github.io_git_AdAway/adaway.github.io_git_AdAway/origin.list,2021-01-19 17:44:58.716574
marketo.com.edgekey.net,AVAILABILITY,origin.list,/home/runner/work/adaway.github.io_git_AdAway/adaway.github.io_git_AdAway/origin.list,2021-01-19 17:45:08.922818
mathtag.com.edgekey.net,AVAILABILITY,origin.list,/home/runner/work/adaway.github.io_git_AdAway/adaway.github.io_git_AdAway/origin.list,2021-01-19 17:45:19.227784
measuread.com.edgekey.net,AVAILABILITY,origin.list,/home/runner/work/adaway.github.io_git_AdAway/adaway.github.io_git_AdAway/origin.list,2021-01-19 17:45:28.991615
moatads.com.edgekey.net,AVAILABILITY,origin.list,/home/runner/work/adaway.github.io_git_AdAway/adaway.github.io_git_AdAway/origin.list,2021-01-19 17:45:46.543876
mookie1.com.edgekey.net,AVAILABILITY,origin.list,/home/runner/work/adaway.github.io_git_AdAway/adaway.github.io_git_AdAway/origin.list,2021-01-19 17:45:56.509230
optimizely.com.edgekey.net,AVAILABILITY,origin.list,/home/runner/work/adaway.github.io_git_AdAway/adaway.github.io_git_AdAway/origin.list,2021-01-19 17:46:02.834130
outbrain.com.edgekey.net,AVAILABILITY,origin.list,/home/runner/work/adaway.github.io_git_AdAway/adaway.github.io_git_AdAway/origin.list,2021-01-19 17:46:16.572744
outbrainimg.com.edgekey.net,AVAILABILITY,origin.list,/home/runner/work/adaway.github.io_git_AdAway/adaway.github.io_git_AdAway/origin.list,2021-01-19 17:46:26.342939
rubiconproject.com.edgekey.net,AVAILABILITY,origin.list,/home/runner/work/adaway.github.io_git_AdAway/adaway.github.io_git_AdAway/origin.list,2021-01-19 17:46:36.178108
scorecardresearch.com.edgekey.net,AVAILABILITY,origin.list,/home/runner/work/adaway.github.io_git_AdAway/adaway.github.io_git_AdAway/origin.list,2021-01-19 17:46:49.918381
serving-sys.com.edgekey.net,AVAILABILITY,origin.list,/home/runner/work/adaway.github.io_git_AdAway/adaway.github.io_git_AdAway/origin.list,2021-01-19 17:47:10.692540
sgsnssdk.com.edgekey.net,AVAILABILITY,origin.list,/home/runner/work/adaway.github.io_git_AdAway/adaway.github.io_git_AdAway/origin.list,2021-01-19 17:47:20.554474
spotxcdn.com.edgekey.net,AVAILABILITY,origin.list,/home/runner/work/adaway.github.io_git_AdAway/adaway.github.io_git_AdAway/origin.list,2021-01-19 17:47:38.234755
unityads.unity3d.com.edgekey.net,AVAILABILITY,origin.list,/home/runner/work/adaway.github.io_git_AdAway/adaway.github.io_git_AdAway/origin.list,2021-01-19 17:47:55.992944
voicefive.com.edgekey.net,AVAILABILITY,origin.list,/home/runner/work/adaway.github.io_git_AdAway/adaway.github.io_git_AdAway/origin.list,2021-01-19 17:48:09.635176
cookiebot.com-v1.edgekey.net,AVAILABILITY,origin.list,/home/runner/work/adaway.github.io_git_AdAway/adaway.github.io_git_AdAway/origin.list,2021-01-19 17:48:26.656974
rubiconproject.com-v1.edgekey.net,AVAILABILITY,origin.list,/home/runner/work/adaway.github.io_git_AdAway/adaway.github.io_git_AdAway/origin.list,2021-01-19 17:48:36.180554
akstat.io.edgekey.net,AVAILABILITY,origin.list,/home/runner/work/adaway.github.io_git_AdAway/adaway.github.io_git_AdAway/origin.list,2021-01-19 17:48:49.992390
dable.io.edgekey.net,AVAILABILITY,origin.list,/home/runner/work/adaway.github.io_git_AdAway/adaway.github.io_git_AdAway/origin.list,2021-01-19 17:48:59.692798
ntv.io.edgekey.net,AVAILABILITY,origin.list,/home/runner/work/adaway.github.io_git_AdAway/adaway.github.io_git_AdAway/origin.list,2021-01-19 17:49:06.090618
onetag.io.edgekey.net,AVAILABILITY,origin.list,/home/runner/work/adaway.github.io_git_AdAway/adaway.github.io_git_AdAway/origin.list,2021-01-19 17:49:16.120950
oracleinfinity.io.edgekey.net,AVAILABILITY,origin.list,/home/runner/work/adaway.github.io_git_AdAway/adaway.github.io_git_AdAway/origin.list,2021-01-19 17:49:26.186354
pangle.io.edgekey.net,AVAILABILITY,origin.list,/home/runner/work/adaway.github.io_git_AdAway/adaway.github.io_git_AdAway/origin.list,2021-01-19 17:49:36.132497
push.io.edgekey.net,AVAILABILITY,origin.list,/home/runner/work/adaway.github.io_git_AdAway/adaway.github.io_git_AdAway/origin.list,2021-01-19 17:49:42.242395
clicktale.net.edgekey.net,AVAILABILITY,origin.list,/home/runner/work/adaway.github.io_git_AdAway/adaway.github.io_git_AdAway/origin.list,2021-01-19 17:51:32.609638
everestjs.net.edgekey.net,AVAILABILITY,origin.list,/home/runner/work/adaway.github.io_git_AdAway/adaway.github.io_git_AdAway/origin.list,2021-01-19 17:51:42.440727
go-mpulse.net.edgekey.net,AVAILABILITY,origin.list,/home/runner/work/adaway.github.io_git_AdAway/adaway.github.io_git_AdAway/origin.list,2021-01-19 17:51:48.102432
marketo.net.edgekey.net,AVAILABILITY,origin.list,/home/runner/work/adaway.github.io_git_AdAway/adaway.github.io_git_AdAway/origin.list,2021-01-19 17:52:01.977291
owneriq.net.edgekey.net,AVAILABILITY,origin.list,/home/runner/work/adaway.github.io_git_AdAway/adaway.github.io_git_AdAway/origin.list,2021-01-19 17:52:11.823990
typekit.net-v3.edgekey.net,AVAILABILITY,origin.list,/home/runner/work/adaway.github.io_git_AdAway/adaway.github.io_git_AdAway/origin.list,2021-01-19 17:52:24.910426
teads.tv.edgekey.net,AVAILABILITY,origin.list,/home/runner/work/adaway.github.io_git_AdAway/adaway.github.io_git_AdAway/origin.list,2021-01-19 17:52:46.112918
teads.tv-v1.edgekey.net,AVAILABILITY,origin.list,/home/runner/work/adaway.github.io_git_AdAway/adaway.github.io_git_AdAway/origin.list,2021-01-19 17:53:17.743482
signal-sdk-service-production.ap-south-1.elasticbeanstalk.com,AVAILABILITY,origin.list,/home/runner/work/adaway.github.io_git_AdAway/adaway.github.io_git_AdAway/origin.list,2021-01-19 17:54:27.870278
cloud-graphql-live.us-east-1.elasticbeanstalk.com,AVAILABILITY,origin.list,/home/runner/work/adaway.github.io_git_AdAway/adaway.github.io_git_AdAway/origin.list,2021-01-19 17:55:34.453495
pub.local.emxdgt.com,AVAILABILITY,origin.list,/home/runner/work/adaway.github.io_git_AdAway/adaway.github.io_git_AdAway/origin.list,2021-01-19 17:57:35.981818
us-east-1.local.emxdgt.com,AVAILABILITY,origin.list,/home/runner/work/adaway.github.io_git_AdAway/adaway.github.io_git_AdAway/origin.list,2021-01-19 17:57:46.960673
ssl.exelator.com,AVAILABILITY,origin.list,/home/runner/work/adaway.github.io_git_AdAway/adaway.github.io_git_AdAway/origin.list,2021-01-19 18:03:29.203356
tm.ssl.exelator.com,AVAILABILITY,origin.list,/home/runner/work/adaway.github.io_git_AdAway/adaway.github.io_git_AdAway/origin.list,2021-01-19 18:03:35.267027
track.eyeviewads.com,AVAILABILITY,origin.list,/home/runner/work/adaway.github.io_git_AdAway/adaway.github.io_git_AdAway/origin.list,2021-01-19 18:04:38.868344
cdn-cf.fabric.io,AVAILABILITY,origin.list,/home/runner/work/adaway.github.io_git_AdAway/adaway.github.io_git_AdAway/origin.list,2021-01-19 18:04:55.644589
cdn-static.formisimo.com,AVAILABILITY,origin.list,/home/runner/work/adaway.github.io_git_AdAway/adaway.github.io_git_AdAway/origin.list,2021-01-19 18:09:39.390285
dmp.fout.jp,AVAILABILITY,origin.list,/home/runner/work/adaway.github.io_git_AdAway/adaway.github.io_git_AdAway/origin.list,2021-01-19 18:10:40.244842
ads.aws.fwmrm.net,AVAILABILITY,origin.list,/home/runner/work/adaway.github.io_git_AdAway/adaway.github.io_git_AdAway/origin.list,2021-01-19 18:14:01.430725
postimp-ofw.fyber.com,AVAILABILITY,origin.list,/home/runner/work/adaway.github.io_git_AdAway/adaway.github.io_git_AdAway/origin.list,2021-01-19 18:15:02.586284
rubick.gameanalytics.com,AVAILABILITY,origin.list,/home/runner/work/adaway.github.io_git_AdAway/adaway.github.io_git_AdAway/origin.list,2021-01-19 18:16:25.605878
sin1.geoadnxs.com,AVAILABILITY,origin.list,/home/runner/work/adaway.github.io_git_AdAway/adaway.github.io_git_AdAway/origin.list,2021-01-19 18:18:28.350407
personalization.centech.glulive.com,AVAILABILITY,origin.list,/home/runner/work/adaway.github.io_git_AdAway/adaway.github.io_git_AdAway/origin.list,2021-01-19 18:21:47.268268
revid.centech.glulive.com,AVAILABILITY,origin.list,/home/runner/work/adaway.github.io_git_AdAway/adaway.github.io_git_AdAway/origin.list,2021-01-19 18:21:58.061001
wo.gumgum.com,AVAILABILITY,origin.list,/home/runner/work/adaway.github.io_git_AdAway/adaway.github.io_git_AdAway/origin.list,2021-01-19 18:30:10.936975
radiusnetworks.com.herokudns.com,AVAILABILITY,origin.list,/home/runner/work/adaway.github.io_git_AdAway/adaway.github.io_git_AdAway/origin.list,2021-01-19 18:34:12.232910
sense360eng.com.herokudns.com,AVAILABILITY,origin.list,/home/runner/work/adaway.github.io_git_AdAway/adaway.github.io_git_AdAway/origin.list,2021-01-19 18:34:32.325818
ads.heyzap.com,AVAILABILITY,origin.list,/home/runner/work/adaway.github.io_git_AdAway/adaway.github.io_git_AdAway/origin.list,2021-01-19 18:35:51.597355
fyc.heyzap.com,AVAILABILITY,origin.list,/home/runner/work/adaway.github.io_git_AdAway/adaway.github.io_git_AdAway/origin.list,2021-01-19 18:36:10.099461
med.heyzap.com,AVAILABILITY,origin.list,/home/runner/work/adaway.github.io_git_AdAway/adaway.github.io_git_AdAway/origin.list,2021-01-19 18:36:28.354281
data.iappmobi.com,AVAILABILITY,origin.list,/home/runner/work/adaway.github.io_git_AdAway/adaway.github.io_git_AdAway/origin.list,2021-01-19 18:41:11.104508
game.idoing3d.com,AVAILABILITY,origin.list,/home/runner/work/adaway.github.io_git_AdAway/adaway.github.io_git_AdAway/origin.list,2021-01-19 18:43:25.744642
cname1.igexin.com,AVAILABILITY,origin.list,/home/runner/work/adaway.github.io_git_AdAway/adaway.github.io_git_AdAway/origin.list,2021-01-19 18:44:01.341032
ps.cname1.igexin.com,AVAILABILITY,origin.list,/home/runner/work/adaway.github.io_git_AdAway/adaway.github.io_git_AdAway/origin.list,2021-01-19 18:44:09.702384
cname3.igexin.com,AVAILABILITY,origin.list,/home/runner/work/adaway.github.io_git_AdAway/adaway.github.io_git_AdAway/origin.list,2021-01-19 18:44:25.252058
sd.cname3.igexin.com,AVAILABILITY,origin.list,/home/runner/work/adaway.github.io_git_AdAway/adaway.github.io_git_AdAway/origin.list,2021-01-19 18:44:33.627868
inc2.igexin.com,AVAILABILITY,origin.list,/home/runner/work/adaway.github.io_git_AdAway/adaway.github.io_git_AdAway/origin.list,2021-01-19 18:44:41.941106
open.inc2.igexin.com,AVAILABILITY,origin.list,/home/runner/work/adaway.github.io_git_AdAway/adaway.github.io_git_AdAway/origin.list,2021-01-19 18:44:50.121389
sdk.open.inc2.igexin.com,AVAILABILITY,origin.list,/home/runner/work/adaway.github.io_git_AdAway/adaway.github.io_git_AdAway/origin.list,2021-01-19 18:44:57.955794
open.phone.igexin.com,AVAILABILITY,origin.list,/home/runner/work/adaway.github.io_git_AdAway/adaway.github.io_git_AdAway/origin.list,2021-01-19 18:45:12.065690
talk.igexin.com,AVAILABILITY,origin.list,/home/runner/work/adaway.github.io_git_AdAway/adaway.github.io_git_AdAway/origin.list,2021-01-19 18:45:24.138129
open.talk.igexin.com,AVAILABILITY,origin.list,/home/runner/work/adaway.github.io_git_AdAway/adaway.github.io_git_AdAway/origin.list,2021-01-19 18:45:32.572705
cmplay.did.ijinshan.com,AVAILABILITY,origin.list,/home/runner/work/adaway.github.io_git_AdAway/adaway.github.io_git_AdAway/origin.list,2021-01-19 18:46:53.557131
kpns.ijinshan.com,AVAILABILITY,origin.list,/home/runner/work/adaway.github.io_git_AdAway/adaway.github.io_git_AdAway/origin.list,2021-01-19 18:47:47.673749
liehu.ijinshan.com,AVAILABILITY,origin.list,/home/runner/work/adaway.github.io_git_AdAway/adaway.github.io_git_AdAway/origin.list,2021-01-19 18:48:03.944091
mobad.ijinshan.com,AVAILABILITY,origin.list,/home/runner/work/adaway.github.io_git_AdAway/adaway.github.io_git_AdAway/origin.list,2021-01-19 18:48:25.009499
tj.ijinshan.com,AVAILABILITY,origin.list,/home/runner/work/adaway.github.io_git_AdAway/adaway.github.io_git_AdAway/origin.list,2021-01-19 18:49:27.071192
utag.ijinshan.com,AVAILABILITY,origin.list,/home/runner/work/adaway.github.io_git_AdAway/adaway.github.io_git_AdAway/origin.list,2021-01-19 18:49:51.140287
db.utag.ijinshan.com,AVAILABILITY,origin.list,/home/runner/work/adaway.github.io_git_AdAway/adaway.github.io_git_AdAway/origin.list,2021-01-19 18:50:07.239748
ct.impactradius.com,AVAILABILITY,origin.list,/home/runner/work/adaway.github.io_git_AdAway/adaway.github.io_git_AdAway/origin.list,2021-01-19 18:57:05.922002
sdk.inmobi.cn,AVAILABILITY,origin.list,/home/runner/work/adaway.github.io_git_AdAway/adaway.github.io_git_AdAway/origin.list,2021-01-19 19:01:04.738311
appgwv2.inmobi.com,AVAILABILITY,origin.list,/home/runner/work/adaway.github.io_git_AdAway/adaway.github.io_git_AdAway/origin.list,2021-01-19 19:01:42.696575
eastus-ssp.appgwv2.inmobi.com,AVAILABILITY,origin.list,/home/runner/work/adaway.github.io_git_AdAway/adaway.github.io_git_AdAway/origin.list,2021-01-19 19:01:48.389560
sdk.eastus-ssp.appgwv2.inmobi.com,AVAILABILITY,origin.list,/home/runner/work/adaway.github.io_git_AdAway/adaway.github.io_git_AdAway/origin.list,2021-01-19 19:01:58.659089
trafficmanager.idsp.inmobi.com,AVAILABILITY,origin.list,/home/runner/work/adaway.github.io_git_AdAway/adaway.github.io_git_AdAway/origin.list,2021-01-19 19:03:25.368699
sdk.inmobi.com,AVAILABILITY,origin.list,/home/runner/work/adaway.github.io_git_AdAway/adaway.github.io_git_AdAway/origin.list,2021-01-19 19:03:51.478329
trafficmanager.inmobi.com,AVAILABILITY,origin.list,/home/runner/work/adaway.github.io_git_AdAway/adaway.github.io_git_AdAway/origin.list,2021-01-19 19:04:10.627743
eastus.trafficmanager.inmobi.com,AVAILABILITY,origin.list,/home/runner/work/adaway.github.io_git_AdAway/adaway.github.io_git_AdAway/origin.list,2021-01-19 19:04:16.676127
sgp.trafficmanager.inmobi.com,AVAILABILITY,origin.list,/home/runner/work/adaway.github.io_git_AdAway/adaway.github.io_git_AdAway/origin.list,2021-01-19 19:04:33.937676
l.inmobicdn.cn,AVAILABILITY,origin.list,/home/runner/work/adaway.github.io_git_AdAway/adaway.github.io_git_AdAway/origin.list,2021-01-19 19:05:34.682084
l.inmobicdn.net,AVAILABILITY,origin.list,/home/runner/work/adaway.github.io_git_AdAway/adaway.github.io_git_AdAway/origin.list,2021-01-19 19:05:47.785731
asvn.innity.com,AVAILABILITY,origin.list,/home/runner/work/adaway.github.io_git_AdAway/adaway.github.io_git_AdAway/origin.list,2021-01-19 19:07:21.684444
adcfg.intowow.com,AVAILABILITY,origin.list,/home/runner/work/adaway.github.io_git_AdAway/adaway.github.io_git_AdAway/origin.list,2021-01-19 19:11:40.538469
geoinfo.intowow.com,AVAILABILITY,origin.list,/home/runner/work/adaway.github.io_git_AdAway/adaway.github.io_git_AdAway/origin.list,2021-01-19 19:11:46.620158
ipinvite.iperceptions.com,AVAILABILITY,origin.list,/home/runner/work/adaway.github.io_git_AdAway/adaway.github.io_git_AdAway/origin.list,2021-01-19 19:12:45.962667
z.irs01.com,AVAILABILITY,origin.list,/home/runner/work/adaway.github.io_git_AdAway/adaway.github.io_git_AdAway/origin.list,2021-01-19 19:17:21.576558
api.jeeng.com,AVAILABILITY,origin.list,/home/runner/work/adaway.github.io_git_AdAway/adaway.github.io_git_AdAway/origin.list,2021-01-19 19:20:25.857832
ad.jiguang.cn,AVAILABILITY,origin.list,/home/runner/work/adaway.github.io_git_AdAway/adaway.github.io_git_AdAway/origin.list,2021-01-19 19:21:02.919422
im.jiguang.cn,AVAILABILITY,origin.list,/home/runner/work/adaway.github.io_git_AdAway/adaway.github.io_git_AdAway/origin.list,2021-01-19 19:21:25.000504
sdk.jiguang.cn,AVAILABILITY,origin.list,/home/runner/work/adaway.github.io_git_AdAway/adaway.github.io_git_AdAway/origin.list,2021-01-19 19:21:56.083397
adapter.kaffnet.com,AVAILABILITY,origin.list,/home/runner/work/adaway.github.io_git_AdAway/adaway.github.io_git_AdAway/origin.list,2021-01-19 19:26:19.066857
ad.adapter.kaffnet.com,AVAILABILITY,origin.list,/home/runner/work/adaway.github.io_git_AdAway/adaway.github.io_git_AdAway/origin.list,2021-01-19 19:26:37.277455
api.kaffnet.com,AVAILABILITY,origin.list,/home/runner/work/adaway.github.io_git_AdAway/adaway.github.io_git_AdAway/origin.list,2021-01-19 19:26:55.553639
ad.api.kaffnet.com,AVAILABILITY,origin.list,/home/runner/work/adaway.github.io_git_AdAway/adaway.github.io_git_AdAway/origin.list,2021-01-19 19:27:13.768642
data.api.kaffnet.com,AVAILABILITY,origin.list,/home/runner/work/adaway.github.io_git_AdAway/adaway.github.io_git_AdAway/origin.list,2021-01-19 19:27:31.859800
sdk.api.kaffnet.com,AVAILABILITY,origin.list,/home/runner/work/adaway.github.io_git_AdAway/adaway.github.io_git_AdAway/origin.list,2021-01-19 19:27:49.702917
ad.click.kaffnet.com,AVAILABILITY,origin.list,/home/runner/work/adaway.github.io_git_AdAway/adaway.github.io_git_AdAway/origin.list,2021-01-19 19:28:07.948604
eldamar01-loadbalanced.kameleoon.com,AVAILABILITY,origin.list,/home/runner/work/adaway.github.io_git_AdAway/adaway.github.io_git_AdAway/origin.list,2021-01-19 19:28:21.155036
eldamar02-loadbalanced.kameleoon.com,AVAILABILITY,origin.list,/home/runner/work/adaway.github.io_git_AdAway/adaway.github.io_git_AdAway/origin.list,2021-01-19 19:28:26.769525
eldamar03-loadbalanced.kameleoon.com,AVAILABILITY,origin.list,/home/runner/work/adaway.github.io_git_AdAway/adaway.github.io_git_AdAway/origin.list,2021-01-19 19:28:32.438058
eldamar04-loadbalanced.kameleoon.com,AVAILABILITY,origin.list,/home/runner/work/adaway.github.io_git_AdAway/adaway.github.io_git_AdAway/origin.list,2021-01-19 19:28:38.152395
tlp-01.kameleoon.com,AVAILABILITY,origin.list,/home/runner/work/adaway.github.io_git_AdAway/adaway.github.io_git_AdAway/origin.list,2021-01-19 19:28:43.762214
tlp-02.kameleoon.com,AVAILABILITY,origin.list,/home/runner/work/adaway.github.io_git_AdAway/adaway.github.io_git_AdAway/origin.list,2021-01-19 19:28:49.426281
tlp-03.kameleoon.com,AVAILABILITY,origin.list,/home/runner/work/adaway.github.io_git_AdAway/adaway.github.io_git_AdAway/origin.list,2021-01-19 19:28:55.053588
tlp-04.kameleoon.com,AVAILABILITY,origin.list,/home/runner/work/adaway.github.io_git_AdAway/adaway.github.io_git_AdAway/origin.list,2021-01-19 19:29:00.676491
traffic-director-alias.krxd.net,AVAILABILITY,origin.list,/home/runner/work/adaway.github.io_git_AdAway/adaway.github.io_git_AdAway/origin.list,2021-01-19 19:36:54.712708
cmdts.ksmobile.com,AVAILABILITY,origin.list,/home/runner/work/adaway.github.io_git_AdAway/adaway.github.io_git_AdAway/origin.list,2021-01-19 19:38:48.470916
behacdn.ksmobile.net,AVAILABILITY,origin.list,/home/runner/work/adaway.github.io_git_AdAway/adaway.github.io_git_AdAway/origin.list,2021-01-19 19:39:06.055633
ad.leadbolt.net,AVAILABILITY,origin.list,/home/runner/work/adaway.github.io_git_AdAway/adaway.github.io_git_AdAway/origin.list,2021-01-19 19:42:08.242958
ad.leadboltapps.net,AVAILABILITY,origin.list,/home/runner/work/adaway.github.io_git_AdAway/adaway.github.io_git_AdAway/origin.list,2021-01-19 19:42:38.329433
ad.leadboltmobile.net,AVAILABILITY,origin.list,/home/runner/work/adaway.github.io_git_AdAway/adaway.github.io_git_AdAway/origin.list,2021-01-19 19:42:56.820696
tealium.hs.llnwd.net,AVAILABILITY,origin.list,/home/runner/work/adaway.github.io_git_AdAway/adaway.github.io_git_AdAway/origin.list,2021-01-19 19:52:55.210554
rum.logsss.com,AVAILABILITY,origin.list,/home/runner/work/adaway.github.io_git_AdAway/adaway.github.io_git_AdAway/origin.list,2021-01-19 19:57:51.750214
metrics.macys.net,AVAILABILITY,origin.list,/home/runner/work/adaway.github.io_git_AdAway/adaway.github.io_git_AdAway/origin.list,2021-01-19 20:00:10.097182
i.matheranalytics.com,AVAILABILITY,origin.list,/home/runner/work/adaway.github.io_git_AdAway/adaway.github.io_git_AdAway/origin.list,2021-01-19 20:13:00.532172
mobile.mediabrix.com,AVAILABILITY,origin.list,/home/runner/work/adaway.github.io_git_AdAway/adaway.github.io_git_AdAway/origin.list,2021-01-19 20:16:17.689500
send.microadinc.com,AVAILABILITY,origin.list,/home/runner/work/adaway.github.io_git_AdAway/adaway.github.io_git_AdAway/origin.list,2021-01-19 20:28:09.867529
cm.send.microadinc.com,AVAILABILITY,origin.list,/home/runner/work/adaway.github.io_git_AdAway/adaway.github.io_git_AdAway/origin.list,2021-01-19 20:28:19.757831
dsp.send.microadinc.com,AVAILABILITY,origin.list,/home/runner/work/adaway.github.io_git_AdAway/adaway.github.io_git_AdAway/origin.list,2021-01-19 20:28:25.908459
applink.mob.com,AVAILABILITY,origin.list,/home/runner/work/adaway.github.io_git_AdAway/adaway.github.io_git_AdAway/origin.list,2021-01-19 20:41:21.099013
data.mob.com,AVAILABILITY,origin.list,/home/runner/work/adaway.github.io_git_AdAway/adaway.github.io_git_AdAway/origin.list,2021-01-19 20:42:00.825778
df.mob.com,AVAILABILITY,origin.list,/home/runner/work/adaway.github.io_git_AdAway/adaway.github.io_git_AdAway/origin.list,2021-01-19 20:43:05.700783
exc.mob.com,AVAILABILITY,origin.list,/home/runner/work/adaway.github.io_git_AdAway/adaway.github.io_git_AdAway/origin.list,2021-01-19 20:43:36.955233
gm.mob.com,AVAILABILITY,origin.list,/home/runner/work/adaway.github.io_git_AdAway/adaway.github.io_git_AdAway/origin.list,2021-01-19 20:44:07.761027
guard.mob.com,AVAILABILITY,origin.list,/home/runner/work/adaway.github.io_git_AdAway/adaway.github.io_git_AdAway/origin.list,2021-01-19 20:45:01.528778
mic.mob.com,AVAILABILITY,origin.list,/home/runner/work/adaway.github.io_git_AdAway/adaway.github.io_git_AdAway/origin.list,2021-01-19 20:45:32.360876
jp.dfe.mic.mob.com,AVAILABILITY,origin.list,/home/runner/work/adaway.github.io_git_AdAway/adaway.github.io_git_AdAway/origin.list,2021-01-19 20:46:00.619860
push.mob.com,AVAILABILITY,origin.list,/home/runner/work/adaway.github.io_git_AdAway/adaway.github.io_git_AdAway/origin.list,2021-01-19 20:46:40.025843
tcp.push.mob.com,AVAILABILITY,origin.list,/home/runner/work/adaway.github.io_git_AdAway/adaway.github.io_git_AdAway/origin.list,2021-01-19 20:47:00.472258
sentinel.mob.com,AVAILABILITY,origin.list,/home/runner/work/adaway.github.io_git_AdAway/adaway.github.io_git_AdAway/origin.list,2021-01-19 20:47:50.957632
config.sentinel.mob.com,AVAILABILITY,origin.list,/home/runner/work/adaway.github.io_git_AdAway/adaway.github.io_git_AdAway/origin.list,2021-01-19 20:48:07.421578
data.sentinel.mob.com,AVAILABILITY,origin.list,/home/runner/work/adaway.github.io_git_AdAway/adaway.github.io_git_AdAway/origin.list,2021-01-19 20:48:38.642246
jp.jp.api.share.mob.com,AVAILABILITY,origin.list,/home/runner/work/adaway.github.io_git_AdAway/adaway.github.io_git_AdAway/origin.list,2021-01-19 20:49:43.430225
p.share.mob.com,AVAILABILITY,origin.list,/home/runner/work/adaway.github.io_git_AdAway/adaway.github.io_git_AdAway/origin.list,2021-01-19 20:50:00.008474
ulml.mob.com,AVAILABILITY,origin.list,/home/runner/work/adaway.github.io_git_AdAway/adaway.github.io_git_AdAway/origin.list,2021-01-19 20:50:35.713208
verify.mob.com,AVAILABILITY,origin.list,/home/runner/work/adaway.github.io_git_AdAway/adaway.github.io_git_AdAway/origin.list,2021-01-19 20:50:51.909138
data.mobclix.com,AVAILABILITY,origin.list,/home/runner/work/adaway.github.io_git_AdAway/adaway.github.io_git_AdAway/origin.list,2021-01-19 20:52:07.730286
engine.mobileapptracking.com,AVAILABILITY,origin.list,/home/runner/work/adaway.github.io_git_AdAway/adaway.github.io_git_AdAway/origin.list,2021-01-19 20:54:24.007356
195724.engine.mobileapptracking.com,AVAILABILITY,origin.list,/home/runner/work/adaway.github.io_git_AdAway/adaway.github.io_git_AdAway/origin.list,2021-01-19 20:56:07.711928
199109.engine.mobileapptracking.com,AVAILABILITY,origin.list,/home/runner/work/adaway.github.io_git_AdAway/adaway.github.io_git_AdAway/origin.list,2021-01-19 20:56:21.300826
20298.engine.mobileapptracking.com,AVAILABILITY,origin.list,/home/runner/work/adaway.github.io_git_AdAway/adaway.github.io_git_AdAway/origin.list,2021-01-19 20:56:27.337187
943.engine.mobileapptracking.com,AVAILABILITY,origin.list,/home/runner/work/adaway.github.io_git_AdAway/adaway.github.io_git_AdAway/origin.list,2021-01-19 20:57:03.330874
adx-api.a.mobimagic.com,AVAILABILITY,origin.list,/home/runner/work/adaway.github.io_git_AdAway/adaway.github.io_git_AdAway/origin.list,2021-01-19 20:59:52.038815
dot.a.mobimagic.com,AVAILABILITY,origin.list,/home/runner/work/adaway.github.io_git_AdAway/adaway.github.io_git_AdAway/origin.list,2021-01-19 20:59:58.265365
iw.a.mobimagic.com,AVAILABILITY,origin.list,/home/runner/work/adaway.github.io_git_AdAway/adaway.github.io_git_AdAway/origin.list,2021-01-19 21:00:04.576941
ul.a.mobimagic.com,AVAILABILITY,origin.list,/home/runner/work/adaway.github.io_git_AdAway/adaway.github.io_git_AdAway/origin.list,2021-01-19 21:00:20.118714
gd1.mookie1.com,AVAILABILITY,origin.list,/home/runner/work/adaway.github.io_git_AdAway/adaway.github.io_git_AdAway/origin.list,2021-01-19 21:05:21.771337
gd2.mookie1.com,AVAILABILITY,origin.list,/home/runner/work/adaway.github.io_git_AdAway/adaway.github.io_git_AdAway/origin.list,2021-01-19 21:05:35.408641
tlg.mookie1.com,AVAILABILITY,origin.list,/home/runner/work/adaway.github.io_git_AdAway/adaway.github.io_git_AdAway/origin.list,2021-01-19 21:07:38.368780
bidi-geo.mythings.com,AVAILABILITY,origin.list,/home/runner/work/adaway.github.io_git_AdAway/adaway.github.io_git_AdAway/origin.list,2021-01-19 21:12:09.299780
cs.nex8.net,AVAILABILITY,origin.list,/home/runner/work/adaway.github.io_git_AdAway/adaway.github.io_git_AdAway/origin.list,2021-01-19 21:17:36.992517
gtm05.nexac.com,AVAILABILITY,origin.list,/home/runner/work/adaway.github.io_git_AdAway/adaway.github.io_git_AdAway/origin.list,2021-01-19 21:17:57.941204
api.nrelate.com,AVAILABILITY,origin.list,/home/runner/work/adaway.github.io_git_AdAway/adaway.github.io_git_AdAway/origin.list,2021-01-19 21:22:07.453632
images.nuviad.com,AVAILABILITY,origin.list,/home/runner/work/adaway.github.io_git_AdAway/adaway.github.io_git_AdAway/origin.list,2021-01-19 21:22:41.901954
prod.cloud.ogury.io,AVAILABILITY,origin.list,/home/runner/work/adaway.github.io_git_AdAway/adaway.github.io_git_AdAway/origin.list,2021-01-19 21:24:22.282267
it-v2.prod.cloud.ogury.io,AVAILABILITY,origin.list,/home/runner/work/adaway.github.io_git_AdAway/adaway.github.io_git_AdAway/origin.list,2021-01-19 21:24:42.224564
wsback-get-config.prod.cloud.ogury.io,AVAILABILITY,origin.list,/home/runner/work/adaway.github.io_git_AdAway/adaway.github.io_git_AdAway/origin.list,2021-01-19 21:25:16.093393
static.track.omguk.com,AVAILABILITY,origin.list,/home/runner/work/adaway.github.io_git_AdAway/adaway.github.io_git_AdAway/origin.list,2021-01-19 21:26:06.183635
api.oneaudience.com,AVAILABILITY,origin.list,/home/runner/work/adaway.github.io_git_AdAway/adaway.github.io_git_AdAway/origin.list,2021-01-19 21:31:06.731744
rbc.online-metrix.net,AVAILABILITY,origin.list,/home/runner/work/adaway.github.io_git_AdAway/adaway.github.io_git_AdAway/origin.list,2021-01-19 21:32:41.785250
adobe-d.openx.net,AVAILABILITY,origin.list,/home/runner/work/adaway.github.io_git_AdAway/adaway.github.io_git_AdAway/origin.list,2021-01-19 21:35:07.805626
aufeminin-g-d.openx.net,AVAILABILITY,origin.list,/home/runner/work/adaway.github.io_git_AdAway/adaway.github.io_git_AdAway/origin.list,2021-01-19 21:36:49.383612
dtnads-d.openx.net,AVAILABILITY,origin.list,/home/runner/work/adaway.github.io_git_AdAway/adaway.github.io_git_AdAway/origin.list,2021-01-19 21:41:38.827190
pixfuture-d.openx.net,AVAILABILITY,origin.list,/home/runner/work/adaway.github.io_git_AdAway/adaway.github.io_git_AdAway/origin.list,2021-01-19 21:48:50.808420
u-us.openx.net,AVAILABILITY,origin.list,/home/runner/work/adaway.github.io_git_AdAway/adaway.github.io_git_AdAway/origin.list,2021-01-19 21:55:54.533869
cm.optaim.com,AVAILABILITY,origin.list,/home/runner/work/adaway.github.io_git_AdAway/adaway.github.io_git_AdAway/origin.list,2021-01-19 22:02:57.913655
bx.optimix.asia,AVAILABILITY,origin.list,/home/runner/work/adaway.github.io_git_AdAway/adaway.github.io_git_AdAway/origin.list,2021-01-19 22:03:25.338602
bx01.optimix.asia,AVAILABILITY,origin.list,/home/runner/work/adaway.github.io_git_AdAway/adaway.github.io_git_AdAway/origin.list,2021-01-19 22:03:41.932724
client.optimizely.com,AVAILABILITY,origin.list,/home/runner/work/adaway.github.io_git_AdAway/adaway.github.io_git_AdAway/origin.list,2021-01-19 22:07:46.634326
bidder.owneriq.net,AVAILABILITY,origin.list,/home/runner/work/adaway.github.io_git_AdAway/adaway.github.io_git_AdAway/origin.list,2021-01-19 22:13:33.547592
cl6.perimeterx.net,AVAILABILITY,origin.list,/home/runner/work/adaway.github.io_git_AdAway/adaway.github.io_git_AdAway/origin.list,2021-01-19 22:16:06.262586
analytics.po.st,AVAILABILITY,origin.list,/home/runner/work/adaway.github.io_git_AdAway/adaway.github.io_git_AdAway/origin.list,2021-01-19 22:24:13.436805
i.po.st,AVAILABILITY,origin.list,/home/runner/work/adaway.github.io_git_AdAway/adaway.github.io_git_AdAway/origin.list,2021-01-19 22:24:19.593705
p.po.st,AVAILABILITY,origin.list,/home/runner/work/adaway.github.io_git_AdAway/adaway.github.io_git_AdAway/origin.list,2021-01-19 22:24:25.816971
s.po.st,AVAILABILITY,origin.list,/home/runner/work/adaway.github.io_git_AdAway/adaway.github.io_git_AdAway/origin.list,2021-01-19 22:24:32.107718
api.pxlad.io,AVAILABILITY,origin.list,/home/runner/work/adaway.github.io_git_AdAway/adaway.github.io_git_AdAway/origin.list,2021-01-19 22:37:22.748499
eqv-rtb1.rfihub.com,AVAILABILITY,origin.list,/home/runner/work/adaway.github.io_git_AdAway/adaway.github.io_git_AdAway/origin.list,2021-01-19 22:52:24.169577
ewr-rtb1.rfihub.com,AVAILABILITY,origin.list,/home/runner/work/adaway.github.io_git_AdAway/adaway.github.io_git_AdAway/origin.list,2021-01-19 22:52:30.374791
sjc-rtb1.rfihub.com,AVAILABILITY,origin.list,/home/runner/work/adaway.github.io_git_AdAway/adaway.github.io_git_AdAway/origin.list,2021-01-19 22:52:43.512684
app.roximity.com,AVAILABILITY,origin.list,/home/runner/work/adaway.github.io_git_AdAway/adaway.github.io_git_AdAway/origin.list,2021-01-19 22:56:15.140821
flapi1.rubiconproject.com,AVAILABILITY,origin.list,/home/runner/work/adaway.github.io_git_AdAway/adaway.github.io_git_AdAway/origin.list,2021-01-19 22:58:49.248880
flapi2.rubiconproject.com,AVAILABILITY,origin.list,/home/runner/work/adaway.github.io_git_AdAway/adaway.github.io_git_AdAway/origin.list,2021-01-19 22:58:55.229971
mrp.rubiconproject.com,AVAILABILITY,origin.list,/home/runner/work/adaway.github.io_git_AdAway/adaway.github.io_git_AdAway/origin.list,2021-01-19 22:59:01.332351
optimized-by-1.rubiconproject.com,AVAILABILITY,origin.list,/home/runner/work/adaway.github.io_git_AdAway/adaway.github.io_git_AdAway/origin.list,2021-01-19 22:59:10.763281
optimized-by-2.rubiconproject.com,AVAILABILITY,origin.list,/home/runner/work/adaway.github.io_git_AdAway/adaway.github.io_git_AdAway/origin.list,2021-01-19 22:59:16.359855
tap.rubiconproject.com,AVAILABILITY,origin.list,/home/runner/work/adaway.github.io_git_AdAway/adaway.github.io_git_AdAway/origin.list,2021-01-19 23:00:07.401255
tap-cdn.rubiconproject.com,AVAILABILITY,origin.list,/home/runner/work/adaway.github.io_git_AdAway/adaway.github.io_git_AdAway/origin.list,2021-01-19 23:00:12.969844
tap-secure.rubiconproject.com,AVAILABILITY,origin.list,/home/runner/work/adaway.github.io_git_AdAway/adaway.github.io_git_AdAway/origin.list,2021-01-19 23:00:18.537779
tap2-cdn.rubiconproject.com,AVAILABILITY,origin.list,/home/runner/work/adaway.github.io_git_AdAway/adaway.github.io_git_AdAway/origin.list,2021-01-19 23:00:24.240689
api.safedk.com,AVAILABILITY,origin.list,/home/runner/work/adaway.github.io_git_AdAway/adaway.github.io_git_AdAway/origin.list,2021-01-19 23:02:43.366218
horizon-nj1.sailthru.com,AVAILABILITY,origin.list,/home/runner/work/adaway.github.io_git_AdAway/adaway.github.io_git_AdAway/origin.list,2021-01-19 23:05:04.317505
eu-adinfo.sam4m.com,AVAILABILITY,origin.list,/home/runner/work/adaway.github.io_git_AdAway/adaway.github.io_git_AdAway/origin.list,2021-01-19 23:06:03.715995
eu-ma.sam4m.com,AVAILABILITY,origin.list,/home/runner/work/adaway.github.io_git_AdAway/adaway.github.io_git_AdAway/origin.list,2021-01-19 23:06:15.777025
sg-ma.sam4m.com,AVAILABILITY,origin.list,/home/runner/work/adaway.github.io_git_AdAway/adaway.github.io_git_AdAway/origin.list,2021-01-19 23:06:23.254425
us-ma.sam4m.com,AVAILABILITY,origin.list,/home/runner/work/adaway.github.io_git_AdAway/adaway.github.io_git_AdAway/origin.list,2021-01-19 23:06:31.407567
ping.xlmc.sandai.net,AVAILABILITY,origin.list,/home/runner/work/adaway.github.io_git_AdAway/adaway.github.io_git_AdAway/origin.list,2021-01-19 23:07:51.964093
sdk.scopely.io,AVAILABILITY,origin.list,/home/runner/work/adaway.github.io_git_AdAway/adaway.github.io_git_AdAway/origin.list,2021-01-19 23:09:17.871124
bs.scorecardresearch.com,AVAILABILITY,origin.list,/home/runner/work/adaway.github.io_git_AdAway/adaway.github.io_git_AdAway/origin.list,2021-01-19 23:09:39.064260
mobile-service.segment.com,AVAILABILITY,origin.list,/home/runner/work/adaway.github.io_git_AdAway/adaway.github.io_git_AdAway/origin.list,2021-01-19 23:11:23.663533
slader.servedbyopenx.com,AVAILABILITY,origin.list,/home/runner/work/adaway.github.io_git_AdAway/adaway.github.io_git_AdAway/origin.list,2021-01-19 23:13:27.423587
ox-d.slader.servedbyopenx.com,AVAILABILITY,origin.list,/home/runner/work/adaway.github.io_git_AdAway/adaway.github.io_git_AdAway/origin.list,2021-01-19 23:13:32.975438
cd.serving-sys.com,AVAILABILITY,origin.list,/home/runner/work/adaway.github.io_git_AdAway/adaway.github.io_git_AdAway/origin.list,2021-01-19 23:13:50.124901
edge.simplereach.com,AVAILABILITY,origin.list,/home/runner/work/adaway.github.io_git_AdAway/adaway.github.io_git_AdAway/origin.list,2021-01-19 23:18:42.240323
