subject,idna_subject,expiration_date,epoch
1mp.mobi,1mp.mobi,15-apr-2021,1618444800.0
1phads.com,1phads.com,12-feb-2021,1613088000.0
1x1rank.com,1x1rank.com,09-jun-2021,1623196800.0
247realmedia.com,247realmedia.com,30-oct-2021,1635552000.0
24s.ru,24s.ru,15-mar-2021,1615766400.0
360in.com,360in.com,16-jan-2021,1610755200.0
3cinteractive.com,3cinteractive.com,01-apr-2021,1617235200.0
3gl.net,3gl.net,22-dec-2021,1640131200.0
4dsply.com,4dsply.com,10-apr-2021,1618012800.0
4mads.com,4mads.com,08-jul-2021,1625702400.0
4seeresults.com,4seeresults.com,13-jul-2023,1689206400.0
8live.com,8live.com,13-apr-2022,1649808000.0
a2dfp.net,a2dfp.net,01-apr-2022,1648771200.0
a8.net,a8.net,24-sep-2021,1632441600.0
a9.com,a9.com,07-sep-2024,1725667200.0
aarki.com,aarki.com,24-jun-2021,1624492800.0
acento.com,acento.com,25-aug-2024,1724544000.0
acsseo.com,acsseo.com,26-jan-2021,1611619200.0
actionpay.ru,actionpay.ru,07-apr-2021,1617753600.0
actionteaser.ru,actionteaser.ru,28-aug-2021,1630108800.0
ad-delivery.net,ad-delivery.net,03-may-2021,1620000000.0
ad-maven.com,ad-maven.com,07-dec-2022,1670371200.0
ad-stir.com,ad-stir.com,11-aug-2021,1628640000.0
ad-sys.com,ad-sys.com,08-may-2022,1651968000.0
ad-x.co.uk,ad-x.co.uk,28-feb-2021,1614470400.0
ad120m.com,ad120m.com,13-jun-2021,1623542400.0
ad127m.com,ad127m.com,13-jun-2021,1623542400.0
ad2games.com,ad2games.com,26-jun-2021,1624665600.0
ad4.com.cn,ad4.com.cn,16-mar-2021,1615852800.0
ad4push.com,ad4push.com,07-nov-2023,1699315200.0
ad6media.fr,ad6media.fr,20-apr-2021,1618876800.0
adasiaholdings.com,adasiaholdings.com,06-dec-2021,1638748800.0
adblade.com,adblade.com,30-oct-2021,1635552000.0
adbn.ru,adbn.ru,29-may-2021,1622246400.0
adboost.net,adboost.net,25-apr-2021,1619308800.0
adbooth.com,adbooth.com,11-apr-2024,1712793600.0
adbro.me,adbro.me,06-sep-2021,1630886400.0
adcast.ru,adcast.ru,03-apr-2021,1617408000.0
adcloud.net,adcloud.net,23-jan-2021,1611360000.0
adcome.cn,adcome.cn,22-jul-2021,1626912000.0
addapptr.com,addapptr.com,14-sep-2021,1631577600.0
addealing.com,addealing.com,20-feb-2021,1613779200.0
adelva.com,adelva.com,17-jul-2021,1626480000.0
adextent.com,adextent.com,15-jun-2021,1623715200.0
adfalcon.com,adfalcon.com,24-feb-2021,1614124800.0
adforgames.com,adforgames.com,18-jul-2023,1689638400.0
adform.com,adform.com,16-jul-2023,1689465600.0
adform.net,adform.net,23-sep-2023,1695427200.0
adformdsp.net,adformdsp.net,02-aug-2023,1690934400.0
adfox.ru,adfox.ru,09-oct-2021,1633737600.0
adfuture.cn,adfuture.cn,12-sep-2021,1631404800.0
adgear.com,adgear.com,28-jul-2021,1627430400.0
adgroups.net,adgroups.net,21-jan-2021,1611187200.0
adgrx.com,adgrx.com,06-oct-2021,1633478400.0
adhands.ru,adhands.ru,16-jun-2021,1623801600.0
adhitzads.com,adhitzads.com,14-jan-2021,1610582400.0
adhood.com,adhood.com,03-feb-2024,1706918400.0
adimg.net,adimg.net,26-may-2021,1621987200.0
adinch.com,adinch.com,28-feb-2021,1614470400.0
adinfuse.com,adinfuse.com,28-jan-2021,1611792000.0
adj.st,adj.st,06-jun-2021,1622937600.0
adjuggler.net,adjuggler.net,29-mar-2021,1616976000.0
adjust.com,adjust.com,26-sep-2021,1632614400.0
adjust.io,adjust.io,24-may-2021,1621814400.0
adjustnetwork.com,adjustnetwork.com,18-apr-2021,1618704000.0
admarvel.com,admarvel.com,02-nov-2023,1698883200.0
admedo.com,admedo.com,12-nov-2021,1636675200.0
admitad.com,admitad.com,24-sep-2021,1632441600.0
admixer.co.kr,admixer.co.kr,24-apr-2021,1619222400.0
admixer.net,admixer.net,12-apr-2021,1618185600.0
admngronline.com,admngronline.com,21-jun-2021,1624233600.0
admob.biz,admob.biz,21-jun-2021,1624233600.0
admob.co.kr,admob.co.kr,26-jun-2021,1624665600.0
admob.dk,admob.dk,31-jul-2021,1627689600.0
admob.fi,admob.fi,15-jul-2021,1626307200.0
admob.fr,admob.fr,31-jan-2021,1612051200.0
admob.it,admob.it,23-apr-2021,1619136000.0
admob.kr,admob.kr,26-jun-2021,1624665600.0
admob.net,admob.net,09-apr-2021,1617926400.0
admob.pt,admob.pt,28-feb-2021,1614470400.0
admob.sg,admob.sg,26-jun-2021,1624665600.0
admob.tw,admob.tw,23-jun-2021,1624406400.0
admobile.com,admobile.com,04-jan-2023,1672790400.0
admoda.com,admoda.com,27-mar-2021,1616803200.0
admost.com,admost.com,19-jul-2022,1658188800.0
admtpmp123.com,admtpmp123.com,12-jun-2021,1623456000.0
admtpmp127.com,admtpmp127.com,12-jun-2021,1623456000.0
admulti.com,admulti.com,07-apr-2021,1617753600.0
admulti.ru,admulti.ru,19-jan-2021,1611014400.0
adnium.com,adnium.com,17-jun-2026,1781654400.0
adonly.com,adonly.com,24-jan-2022,1642982400.0
adorika.net,adorika.net,01-sep-2022,1661990400.0
adotube.com,adotube.com,15-feb-2021,1613347200.0
adpdx.com,adpdx.com,19-jan-2021,1611014400.0
adplex.co.kr,adplex.co.kr,24-mar-2021,1616544000.0
adpremium.ru,adpremium.ru,11-feb-2021,1613001600.0
adprimemedia.com,adprimemedia.com,27-jul-2021,1627344000.0
adprojekt.pl,adprojekt.pl,19-apr-2021,1618790400.0
adprotected.com,adprotected.com,09-nov-2021,1636416000.0
adpxl.co,adpxl.co,04-nov-2021,1635984000.0
adquota.com,adquota.com,25-feb-2021,1614211200.0
adrock.ru,adrock.ru,21-feb-2021,1613865600.0
adroll.com,adroll.com,13-oct-2021,1634083200.0
adrta.com,adrta.com,22-jun-2023,1687392000.0
adru.net,adru.net,31-jan-2021,1612051200.0
ads-twitter.com,ads-twitter.com,26-may-2022,1653523200.0
ads1-adnow.com,ads1-adnow.com,03-mar-2021,1614729600.0
ads2-adnow.com,ads2-adnow.com,03-mar-2021,1614729600.0
ads3-adnow.com,ads3-adnow.com,03-mar-2021,1614729600.0
ads5-adnow.com,ads5-adnow.com,18-mar-2021,1616025600.0
adsage.cn,adsage.cn,01-aug-2021,1627776000.0
adsage.com,adsage.com,20-feb-2022,1645315200.0
adsame.com,adsame.com,06-oct-2021,1633478400.0
adsclick.ru,adsclick.ru,23-apr-2021,1619136000.0
adsdk.com,adsdk.com,12-jun-2021,1623456000.0
adsense.com,adsense.com,25-feb-2021,1614211200.0
adsertor.co.uk,adsertor.co.uk,16-apr-2022,1650067200.0
adservme.com,adservme.com,06-oct-2021,1633478400.0
adservone.com,adservone.com,04-mar-2021,1614816000.0
adskape.ru,adskape.ru,28-jul-2021,1627430400.0
adsmart.co.uk,adsmart.co.uk,18-feb-2021,1613606400.0
adsmart.com,adsmart.com,08-apr-2021,1617840000.0
adsmart.net,adsmart.net,24-jun-2021,1624492800.0
adsmobi.com,adsmobi.com,31-jan-2021,1612051200.0
adsmogo.mobi,adsmogo.mobi,11-sep-2022,1662854400.0
adsmogo.net,adsmogo.net,11-sep-2022,1662854400.0
adsmogo.org,adsmogo.org,13-sep-2022,1663027200.0
adsmoloco.com,adsmoloco.com,25-oct-2023,1698192000.0
adsonar.com,adsonar.com,09-jun-2021,1623196800.0
adsoptimal.com,adsoptimal.com,30-jul-2021,1627603200.0
adsota.com,adsota.com,23-jan-2021,1611360000.0
adspeed.com,adspeed.com,21-oct-2027,1824076800.0
adsplay.net,adsplay.net,13-may-2021,1620864000.0
adspruce.com,adspruce.com,20-apr-2022,1650412800.0
adsrocket.net,adsrocket.net,15-jul-2021,1626307200.0
adstark.ru,adstark.ru,28-feb-2021,1614470400.0
adstune.com,adstune.com,13-may-2021,1620864000.0
adsunflower.com,adsunflower.com,12-sep-2021,1631404800.0
adsupplyads.com,adsupplyads.com,25-jun-2022,1656115200.0
adswizz.com,adswizz.com,19-nov-2027,1826582400.0
adsymptotic.com,adsymptotic.com,09-sep-2023,1694217600.0
adtaily.com,adtaily.com,04-apr-2021,1617494400.0
adtaily.pl,adtaily.pl,04-apr-2021,1617494400.0
adtarget.com.tr,adtarget.com.tr,29-sep-2024,1727568000.0
adtaxinetworks.com,adtaxinetworks.com,25-apr-2021,1619308800.0
adteaser.ru,adteaser.ru,26-jun-2021,1624665600.0
adtech.com,adtech.com,26-jul-2021,1627257600.0
adtheorent.com,adtheorent.com,01-jan-2022,1640995200.0
adthor.com,adthor.com,21-dec-2021,1640044800.0
adtime.ru,adtime.ru,25-apr-2021,1619308800.0
adtng.com,adtng.com,20-jul-2021,1626739200.0
adtotal.pl,adtotal.pl,29-jul-2021,1627516800.0
adtraff.ru,adtraff.ru,06-sep-2021,1630886400.0
adtruth.com,adtruth.com,23-jan-2021,1611360000.0
adultmoda.com,adultmoda.com,16-may-2021,1621123200.0
adups.com,adups.com,22-mar-2029,1868832000.0
aduu.cn,aduu.cn,22-jul-2021,1626912000.0
advancets.org,advancets.org,21-nov-2022,1668988800.0
advariant.com,advariant.com,03-aug-2021,1627948800.0
adversal.com,adversal.com,17-oct-2024,1729123200.0
adverserve.net,adverserve.net,12-oct-2022,1665532800.0
advertbox.ru,advertbox.ru,15-feb-2021,1613347200.0
advertnative.com,advertnative.com,18-apr-2021,1618704000.0
advertstar.net,advertstar.net,12-feb-2021,1613088000.0
advertur.ru,advertur.ru,29-aug-2021,1630195200.0
adview.pl,adview.pl,12-oct-2021,1633996800.0
advmob.cn,advmob.cn,12-sep-2021,1631404800.0
advombat.ru,advombat.ru,07-jul-2021,1625616000.0
adwo.com,adwo.com,23-aug-2021,1629676800.0
adwods.com,adwods.com,02-aug-2021,1627862400.0
adywind.com,adywind.com,11-apr-2021,1618099200.0
adzerk.com,adzerk.com,12-may-2025,1747008000.0
adzerk.net,adzerk.net,12-may-2024,1715472000.0
adzmedia.com,adzmedia.com,07-apr-2021,1617753600.0
adzmobi.com,adzmobi.com,07-dec-2025,1765065600.0
adztec.com,adztec.com,29-aug-2021,1630195200.0
adzuna.co.uk,adzuna.co.uk,18-aug-2022,1660780800.0
affiliatetrading.net,affiliatetrading.net,09-nov-2021,1636416000.0
affiz.net,affiz.net,03-jul-2021,1625270400.0
agentanalytics.com,agentanalytics.com,23-jun-2021,1624406400.0
ailamtrieuphu.com,ailamtrieuphu.com,03-jul-2021,1625270400.0
aimatch.com,aimatch.com,07-oct-2023,1696636800.0
airbrake.io,airbrake.io,06-sep-2021,1630886400.0
airpush.com,airpush.com,18-sep-2022,1663459200.0
alexajstrack.com,alexajstrack.com,04-jun-2021,1622764800.0
alexametrics.com,alexametrics.com,19-jun-2021,1624060800.0
allstarmediagroup.com,allstarmediagroup.com,31-mar-2021,1617148800.0
altitude-arena.com,altitude-arena.com,09-sep-2021,1631145600.0
altrooz.com,altrooz.com,18-may-2021,1621296000.0
am15.net,am15.net,15-nov-2021,1636934400.0
ambient-platform.com,ambient-platform.com,07-may-2023,1683417600.0
ambimob.com,ambimob.com,18-jul-2021,1626566400.0
amoad.com,amoad.com,22-apr-2021,1619049600.0
amobee.com,amobee.com,22-feb-2021,1613952000.0
amung.us,amung.us,17-mar-2022,1647475200.0
analysys.cn,analysys.cn,08-oct-2021,1633651200.0
analytiall.com,analytiall.com,27-aug-2021,1630022400.0
andomedia.com,andomedia.com,10-sep-2021,1631232000.0
anquan.org,anquan.org,02-jun-2024,1717286400.0
api-01.com,api-01.com,10-aug-2027,1817856000.0
api-02.com,api-02.com,10-aug-2027,1817856000.0
api-03.com,api-03.com,10-aug-2027,1817856000.0
api-04.com,api-04.com,10-aug-2027,1817856000.0
api-05.com,api-05.com,10-aug-2027,1817856000.0
api-06.com,api-06.com,10-aug-2027,1817856000.0
api-07.com,api-07.com,10-aug-2027,1817856000.0
api-08.com,api-08.com,10-aug-2027,1817856000.0
apis.com.br,apis.com.br,29-mar-2028,1837900800.0
app-measurement.com,app-measurement.com,19-jun-2021,1624060800.0
app-promo.com,app-promo.com,24-jul-2021,1627084800.0
app.link,app.link,18-mar-2027,1805328000.0
appads.com,appads.com,08-jul-2021,1625702400.0
appbaqend.com,appbaqend.com,16-may-2023,1684195200.0
appboy-images.com,appboy-images.com,26-feb-2021,1614297600.0
appboy.com,appboy.com,06-oct-2023,1696550400.0
appclick.co,appclick.co,02-aug-2021,1627862400.0
appclick.net,appclick.net,17-feb-2021,1613520000.0
appdog.com,appdog.com,28-jun-2021,1624838400.0
appearch.info,appearch.info,19-feb-2021,1613692800.0
appfireworks.com,appfireworks.com,25-sep-2021,1632528000.0
appflood.com,appflood.com,30-sep-2021,1632960000.0
appia.com,appia.com,10-sep-2021,1631232000.0
appier.com,appier.com,31-aug-2021,1630368000.0
appier.net,appier.net,19-jun-2021,1624060800.0
appintop.com,appintop.com,10-jun-2021,1623283200.0
applovin.com,applovin.com,01-jul-2024,1719792000.0
applvn.com,applvn.com,25-may-2021,1621900800.0
appnexus.com,appnexus.com,11-sep-2022,1662854400.0
appnexus.net,appnexus.net,12-sep-2021,1631404800.0
appodeal.com,appodeal.com,02-may-2021,1619913600.0
appolicious.com,appolicious.com,24-apr-2021,1619222400.0
approstar.com,approstar.com,25-mar-2021,1616630400.0
apprupt.com,apprupt.com,24-feb-2021,1614124800.0
appsdt.com,appsdt.com,03-apr-2022,1648944000.0
appserver-ap.com,appserver-ap.com,17-mar-2021,1615939200.0
appserver-cp.com,appserver-cp.com,26-mar-2021,1616716800.0
appservestar.com,appservestar.com,17-dec-2021,1639699200.0
appsfire.com,appsfire.com,04-may-2021,1620086400.0
appsfire.net,appsfire.net,04-may-2021,1620086400.0
apptera.com,apptera.com,13-feb-2022,1644710400.0
apptornado.com,apptornado.com,03-oct-2021,1633219200.0
appular.com,appular.com,09-mar-2021,1615248000.0
apsalar.com,apsalar.com,28-jan-2021,1611792000.0
atedra.com,atedra.com,14-apr-2021,1618358400.0
atemda.com,atemda.com,09-jun-2021,1623196800.0
ati-host.net,ati-host.net,21-jan-2021,1611187200.0
atlassbx.com,atlassbx.com,02-apr-2021,1617321600.0
atlassolutions.com,atlassolutions.com,07-aug-2021,1628294400.0
atti.com,atti.com,23-feb-2021,1614038400.0
auditude.com,auditude.com,01-jul-2021,1625097600.0
augur.io,augur.io,12-nov-2021,1636675200.0
authorne.info,authorne.info,23-may-2021,1621728000.0
autoads.asia,autoads.asia,05-sep-2022,1662336000.0
avazunativeads.com,avazunativeads.com,16-feb-2021,1613433600.0
avocarrot.com,avocarrot.com,27-oct-2021,1635292800.0
axmtrack.com,axmtrack.com,17-apr-2021,1618617600.0
axonix.com,axonix.com,27-apr-2023,1682553600.0
b2c.com,b2c.com,14-jul-2021,1626220800.0
b4psads.com,b4psads.com,30-apr-2021,1619740800.0
baidustatic.com,baidustatic.com,28-mar-2021,1616889600.0
bango.net,bango.net,13-jul-2021,1626134400.0
bannerads.co.in,bannerads.co.in,29-sep-2021,1632873600.0
bannerbank.ru,bannerbank.ru,01-jun-2021,1622505600.0
bannersnack.com,bannersnack.com,14-oct-2021,1634169600.0
basepush.com,basepush.com,30-jan-2021,1611964800.0
batmobil.net,batmobil.net,28-may-2021,1622160000.0
bead-ad.com,bead-ad.com,09-apr-2021,1617926400.0
behaviad.net,behaviad.net,02-aug-2021,1627862400.0
besguses.pro,besguses.pro,29-may-2021,1622246400.0
bestadmedia.com,bestadmedia.com,29-may-2021,1622246400.0
bgrndi.com,bgrndi.com,16-jan-2021,1610755200.0
bidadx.com,bidadx.com,11-aug-2021,1628640000.0
biddingx.com,biddingx.com,21-aug-2022,1661040000.0
bidgear.com,bidgear.com,30-aug-2023,1693353600.0
bidsopt.com,bidsopt.com,11-sep-2021,1631318400.0
bidtrk.com,bidtrk.com,31-may-2021,1622419200.0
billymobile.com,billymobile.com,20-apr-2021,1618876800.0
bitmedianetwork.com,bitmedianetwork.com,12-jul-2023,1689120000.0
bj1110.online,bj1110.online,26-jul-2021,1627257600.0
bluecava.com,bluecava.com,01-feb-2021,1612137600.0
blueconic.net,blueconic.net,27-jan-2021,1611705600.0
bluekai.com,bluekai.com,06-jul-2021,1625529600.0
blueserving.com,blueserving.com,19-oct-2021,1634601600.0
bnmla.com,bnmla.com,30-aug-2022,1661817600.0
bodyclick.net,bodyclick.net,11-may-2021,1620691200.0
bong99.com,bong99.com,12-dec-2021,1639267200.0
boostads.net,boostads.net,05-jul-2021,1625443200.0
brainient.com,brainient.com,28-oct-2021,1635379200.0
branch.io,branch.io,10-nov-2026,1794268800.0
branovate.com,branovate.com,10-mar-2021,1615334400.0
brealtime.com,brealtime.com,17-apr-2021,1618617600.0
brickandmobile.com,brickandmobile.com,16-dec-2025,1765843200.0
btrll.com,btrll.com,16-dec-2021,1639612800.0
bttn.io,bttn.io,08-dec-2021,1638921600.0
bubblesmedia.ru,bubblesmedia.ru,17-apr-2021,1618617600.0
bugsense.com,bugsense.com,19-may-2022,1652918400.0
burstly.com,burstly.com,12-mar-2021,1615507200.0
burstnet.com,burstnet.com,27-jan-2021,1611705600.0
buyhitscheap.com,buyhitscheap.com,12-mar-2021,1615507200.0
c8.net.ua,c8.net.ua,19-dec-2021,1639872000.0
carambo.la,carambo.la,15-jul-2022,1657843200.0
castplatform.com,castplatform.com,16-oct-2021,1634342400.0
cb-cdn.com,cb-cdn.com,22-apr-2021,1619049600.0
cben1.net,cben1.net,10-apr-2021,1618012800.0
cbx.net,cbx.net,06-mar-2021,1614988800.0
cdn-image.com,cdn-image.com,18-feb-2021,1613606400.0
cdn7.rocks,cdn7.rocks,23-feb-2021,1614038400.0
cdnproviders.net,cdnproviders.net,23-feb-2021,1614038400.0
cdnstoremedia.com,cdnstoremedia.com,27-apr-2022,1651017600.0
cdnwidget.com,cdnwidget.com,23-jun-2021,1624406400.0
cedexis-radar.net,cedexis-radar.net,27-sep-2021,1632700800.0
cedexis.com,cedexis.com,07-jan-2022,1641513600.0
celltick.com,celltick.com,05-nov-2022,1667606400.0
celtra.com,celtra.com,10-nov-2021,1636502400.0
centerpointmedia.com,centerpointmedia.com,23-mar-2021,1616457600.0
chango.com,chango.com,27-feb-2021,1614384000.0
chartboosts.com,chartboosts.com,20-may-2025,1747699200.0
chitika.com,chitika.com,29-jan-2021,1611878400.0
cint.com,cint.com,17-apr-2021,1618617600.0
cintnetworks.com,cintnetworks.com,17-mar-2021,1615939200.0
cityads.ru,cityads.ru,02-apr-2021,1617321600.0
citygrid.com,citygrid.com,22-sep-2021,1632268800.0
clickfuse.com,clickfuse.com,22-dec-2021,1640131200.0
clickhubs.com,clickhubs.com,31-mar-2023,1680220800.0
clickkydsp.com,clickkydsp.com,30-apr-2021,1619740800.0
clickmedia.ro,clickmedia.ro,15-jan-2021,1610668800.0
clickterra.net,clickterra.net,14-apr-2021,1618358400.0
clipbongda.info,clipbongda.info,22-nov-2021,1637539200.0
clkads.com,clkads.com,31-jan-2021,1612051200.0
clkdeals.com,clkdeals.com,20-nov-2021,1637366400.0
cloudmobi.net,cloudmobi.net,02-jun-2021,1622592000.0
company-target.com,company-target.com,06-aug-2021,1628208000.0
comscoredirect.net,comscoredirect.net,18-jun-2021,1623974400.0
comscoreresearch.com,comscoreresearch.com,17-aug-2021,1629158400.0
concert.io,concert.io,29-aug-2021,1630195200.0
constintptr.com,constintptr.com,21-feb-2021,1613865600.0
contentabc.com,contentabc.com,05-aug-2021,1628121600.0
contineljs.com,contineljs.com,13-apr-2022,1649808000.0
coremetrics.com,coremetrics.com,13-feb-2021,1613174400.0
count.ly,count.ly,11-dec-2022,1670716800.0
cpmrocket.com,cpmrocket.com,24-may-2021,1621814400.0
cpmstar.com,cpmstar.com,22-aug-2021,1629590400.0
crasheye.cn,crasheye.cn,23-mar-2021,1616457600.0
crazypopups.com,crazypopups.com,16-jan-2021,1610755200.0
crispadvertising.com,crispadvertising.com,08-mar-2021,1615161600.0
crispmedia.com,crispmedia.com,31-may-2021,1622419200.0
crispwireless.com,crispwireless.com,22-jun-2021,1624320000.0
criteo.com,criteo.com,17-jun-2021,1623888000.0
criteo.net,criteo.net,17-jun-2021,1623888000.0
crittercism.com,crittercism.com,18-aug-2024,1723939200.0
crossboardmobile.com,crossboardmobile.com,20-mar-2021,1616198400.0
crossrider.com,crossrider.com,06-jun-2021,1622937600.0
cszz.ru,cszz.ru,30-mar-2021,1617062400.0
d2cmedia.ca,d2cmedia.ca,06-feb-2021,1612569600.0
d88diamond.com,d88diamond.com,13-apr-2021,1618272000.0
dable.io,dable.io,10-mar-2021,1615334400.0
dante2007.com,dante2007.com,13-mar-2021,1615593600.0
databerries.com,databerries.com,22-oct-2023,1697932800.0
dataxu.com,dataxu.com,06-sep-2026,1788652800.0
deloton.com,deloton.com,29-sep-2021,1632873600.0
deltago.com,deltago.com,16-jul-2021,1626393600.0
demdex.net,demdex.net,12-aug-2021,1628726400.0
demoad.com,demoad.com,17-apr-2021,1618617600.0
demoads.com,demoads.com,24-mar-2021,1616544000.0
digitalmerkat.com,digitalmerkat.com,09-may-2021,1620518400.0
digitru.st,digitru.st,19-feb-2021,1613692800.0
directadvert.net,directadvert.net,08-feb-2021,1612742400.0
directadvert.ru,directadvert.ru,11-mar-2021,1615420800.0
directrev.com,directrev.com,09-jul-2022,1657324800.0
disqusads.com,disqusads.com,16-dec-2021,1639612800.0
domob.cn,domob.cn,10-jun-2021,1623283200.0
dotandad.com,dotandad.com,09-dec-2021,1639008000.0
dotomi.com,dotomi.com,01-mar-2027,1803859200.0
dpmsrv.com,dpmsrv.com,30-jul-2021,1627603200.0
dpstack.com,dpstack.com,22-may-2021,1621641600.0
duapps.com,duapps.com,13-mar-2021,1615593600.0
dui88.com,dui88.com,10-may-2022,1652140800.0
duiba.com.cn,duiba.com.cn,16-may-2023,1684195200.0
dumedia.ru,dumedia.ru,24-mar-2021,1616544000.0
dynamicyield.com,dynamicyield.com,20-oct-2021,1634688000.0
dyntrk.com,dyntrk.com,10-sep-2021,1631232000.0
eacdn.com,eacdn.com,12-apr-2021,1618185600.0
earnify.com,earnify.com,15-oct-2021,1634256000.0
easydownloadnow.com,easydownloadnow.com,09-mar-2021,1615248000.0
ebz.io,ebz.io,06-jul-2021,1625529600.0
eclickz.com,eclickz.com,12-jan-2024,1705017600.0
eclkmpsa.com,eclkmpsa.com,15-jun-2021,1623715200.0
elblogdelnarco.com,elblogdelnarco.com,27-may-2022,1653609600.0
elephantdata.net,elephantdata.net,03-jul-2021,1625270400.0
emediate.se,emediate.se,03-apr-2021,1617408000.0
emxdgt.com,emxdgt.com,24-may-2021,1621814400.0
emxdigital.com,emxdigital.com,10-oct-2021,1633824000.0
engagebdr.com,engagebdr.com,22-jan-2021,1611273600.0
engageya.com,engageya.com,22-may-2021,1621641600.0
ensighten.com,ensighten.com,22-dec-2025,1766361600.0
epom.com,epom.com,28-sep-2021,1632787200.0
esellerate.net,esellerate.net,17-mar-2021,1615939200.0
etahub.com,etahub.com,10-nov-2021,1636502400.0
etcodes.com,etcodes.com,08-jun-2021,1623110400.0
europacash.com,europacash.com,07-jul-2022,1657152000.0
everestads.net,everestads.net,23-nov-2021,1637625600.0
everesttech.net,everesttech.net,28-mar-2021,1616889600.0
exacttargetapis.com,exacttargetapis.com,12-mar-2021,1615507200.0
exe.bid,exe.bid,08-oct-2021,1633651200.0
extreme-ip-lookup.com,extreme-ip-lookup.com,24-jun-2021,1624492800.0
fabric.io,fabric.io,02-may-2021,1619913600.0
fam-ad.com,fam-ad.com,14-aug-2026,1786665600.0
fastapi.net,fastapi.net,16-oct-2021,1634342400.0
fb88.com,fb88.com,10-jan-2027,1799539200.0
fidelity-media.com,fidelity-media.com,06-nov-2021,1636156800.0
fiksu.com,fiksu.com,03-nov-2021,1635897600.0
fimc.net,fimc.net,18-mar-2021,1616025600.0
firstimpression.io,firstimpression.io,18-sep-2021,1631923200.0
fluentmobile.com,fluentmobile.com,17-aug-2021,1629158400.0
fmpub.net,fmpub.net,04-mar-2021,1614816000.0
forter.com,forter.com,25-jan-2021,1611532800.0
fptad.com,fptad.com,25-feb-2023,1677283200.0
freegeoip.com,freegeoip.com,18-jun-2021,1623974400.0
freegeoip.net,freegeoip.net,26-aug-2021,1629936000.0
fwmrm.net,fwmrm.net,13-nov-2021,1636761600.0
gameanalytics.com,gameanalytics.com,01-jul-2023,1688169600.0
gamehouse.com,gamehouse.com,14-jun-2021,1623628800.0
gamesitestop100.com,gamesitestop100.com,05-mar-2021,1614902400.0
gammaplatform.com,gammaplatform.com,25-mar-2022,1648166400.0
gammitcube.com,gammitcube.com,28-jul-2021,1627430400.0
gdeslon.ru,gdeslon.ru,16-may-2021,1621123200.0
gdwbetvn888.com,gdwbetvn888.com,21-jun-2021,1624233600.0
gdwviet.com,gdwviet.com,06-jul-2021,1625529600.0
gemius.pl,gemius.pl,15-may-2021,1621036800.0
genieessp.com,genieessp.com,24-sep-2021,1632441600.0
geoplugin.net,geoplugin.net,06-nov-2021,1636156800.0
getexceptional.com,getexceptional.com,25-apr-2023,1682380800.0
getwisdom.io,getwisdom.io,22-mar-2021,1616371200.0
gigazine.asia,gigazine.asia,17-feb-2027,1802822400.0
glassboxdigital.com,glassboxdigital.com,29-jan-2021,1611878400.0
glispa.com,glispa.com,22-nov-2022,1669075200.0
globadmedia.com,globadmedia.com,03-jun-2024,1717372800.0
globaladmedia.com,globaladmedia.com,13-dec-2021,1639353600.0
go-mpulse.net,go-mpulse.net,02-dec-2021,1638403200.0
goadservices.com,goadservices.com,12-mar-2021,1615507200.0
gocarrot.com,gocarrot.com,24-may-2021,1621814400.0
goldspotmedia.com,goldspotmedia.com,10-apr-2021,1618012800.0
goodadvert.ru,goodadvert.ru,16-aug-2021,1629072000.0
googleadservices.com,googleadservices.com,19-jun-2021,1624060800.0
googleadservices.ru,googleadservices.ru,28-may-2021,1622160000.0
googletagmanager.com,googletagmanager.com,11-nov-2021,1636588800.0
googletagservices.com,googletagservices.com,17-dec-2021,1639699200.0
gop1.co,gop1.co,22-sep-2021,1632268800.0
gotoip55.com,gotoip55.com,05-may-2021,1620172800.0
gowadogo.com,gowadogo.com,27-nov-2025,1764201600.0
goyetteconnelly.bid,goyetteconnelly.bid,05-jul-2021,1625443200.0
grabify.link,grabify.link,05-jul-2022,1656979200.0
grafstat.ro,grafstat.ro,04-feb-2021,1612396800.0
gredinatib.info,gredinatib.info,08-apr-2021,1617840000.0
grt02.com,grt02.com,15-may-2021,1621036800.0
gtsads.com,gtsads.com,03-jul-2021,1625270400.0
gtsmobi.com,gtsmobi.com,09-jun-2021,1623196800.0
gumgum.com,gumgum.com,06-oct-2021,1633478400.0
gunggo.com,gunggo.com,20-apr-2021,1618876800.0
guohead.com,guohead.com,16-aug-2021,1629072000.0
guomob.com,guomob.com,27-sep-2022,1664236800.0
guppymedia.com,guppymedia.com,15-feb-2023,1676419200.0
gwallet.com,gwallet.com,21-mar-2021,1616284800.0
gwmserver.com,gwmserver.com,24-jan-2021,1611446400.0
h12-media.com,h12-media.com,22-nov-2025,1763769600.0
hadarone.com,hadarone.com,26-jun-2021,1624665600.0
harrenmedia.com,harrenmedia.com,14-jan-2021,1610582400.0
hasmobi.net,hasmobi.net,23-jan-2021,1611360000.0
hastrk1.com,hastrk1.com,10-aug-2025,1754784000.0
hastrk2.com,hastrk2.com,10-aug-2025,1754784000.0
hastrk3.com,hastrk3.com,10-aug-2025,1754784000.0
hbi-ingest.net,hbi-ingest.net,11-mar-2021,1615420800.0
hexagon-analytics.com,hexagon-analytics.com,11-oct-2022,1665446400.0
heywire.com,heywire.com,20-may-2022,1653004800.0
hfc195b.com,hfc195b.com,24-feb-2021,1614124800.0
hghit.com,hghit.com,10-feb-2021,1612915200.0
himediads.com,himediads.com,04-jul-2021,1625356800.0
holder.com.ua,holder.com.ua,12-apr-2021,1618185600.0
homify.com.mx,homify.com.mx,07-jul-2021,1625616000.0
hot-mob.com,hot-mob.com,02-may-2025,1746144000.0
hotchatdate.com,hotchatdate.com,05-may-2021,1620172800.0
hotwords.com,hotwords.com,29-jan-2021,1611878400.0
howdoesin.net,howdoesin.net,24-aug-2021,1629763200.0
hs-analytics.net,hs-analytics.net,18-sep-2022,1663459200.0
hsych.com,hsych.com,22-apr-2021,1619049600.0
ht55.cn,ht55.cn,26-mar-2022,1648252800.0
huidakms.com.cn,huidakms.com.cn,19-may-2021,1621382400.0
huntmad.com,huntmad.com,02-may-2021,1619913600.0
hyperadx.com,hyperadx.com,10-feb-2021,1612915200.0
i-stream.pl,i-stream.pl,17-may-2021,1621209600.0
iaudienc.com,iaudienc.com,08-mar-2021,1615161600.0
iclickyou.com,iclickyou.com,14-jul-2022,1657756800.0
iconpeak.com,iconpeak.com,14-may-2022,1652486400.0
id1.cn,id1.cn,16-dec-2021,1639612800.0
idcounter.com,idcounter.com,11-may-2021,1620691200.0
iddiction.com,iddiction.com,31-aug-2021,1630368000.0
idregie.com,idregie.com,30-mar-2021,1617062400.0
igaworks.com,igaworks.com,27-dec-2023,1703635200.0
imimobile.com,imimobile.com,07-nov-2023,1699315200.0
immob.cn,immob.cn,15-may-2021,1621036800.0
immobi.com,immobi.com,02-jul-2021,1625184000.0
imwx.com,imwx.com,11-feb-2021,1613001600.0
inclk.com,inclk.com,18-apr-2021,1618704000.0
inmobi.cn,inmobi.cn,07-may-2022,1651881600.0
inmobi.net,inmobi.net,07-jul-2024,1720310400.0
inmobicdn.com,inmobicdn.com,21-mar-2023,1679356800.0
inmobicdn.net,inmobicdn.net,21-mar-2023,1679356800.0
inner-active.com,inner-active.com,20-aug-2022,1660953600.0
inner-active.mobi,inner-active.mobi,11-oct-2022,1665446400.0
inneractive.com,inneractive.com,23-apr-2025,1745366400.0
innity.com,innity.com,12-jun-2021,1623456000.0
innity.net,innity.net,08-oct-2021,1633651200.0
instabug.com,instabug.com,16-may-2028,1842048000.0
installp.com,installp.com,28-jul-2021,1627430400.0
installrevenue.com,installrevenue.com,17-feb-2021,1613520000.0
installtracker.com,installtracker.com,01-jul-2021,1625097600.0
integral-marketing.com,integral-marketing.com,01-jul-2021,1625097600.0
intely.cn,intely.cn,27-feb-2021,1614384000.0
intermarkets.net,intermarkets.net,26-oct-2021,1635206400.0
interseek.si,interseek.si,04-apr-2021,1617494400.0
intowow.com,intowow.com,10-sep-2023,1694304000.0
investingapp.net,investingapp.net,27-aug-2023,1693094400.0
iocnt.com,iocnt.com,10-may-2021,1620604800.0
ipinyou.com,ipinyou.com,09-aug-2021,1628467200.0
iqzone.com,iqzone.com,22-oct-2021,1634860800.0
irr.ru,irr.ru,21-oct-2021,1634774400.0
irs01.com,irs01.com,27-sep-2021,1632700800.0
iteratehq.com,iteratehq.com,16-jul-2021,1626393600.0
iz682noju02ye5.com,iz682noju02ye5.com,21-jul-2021,1626825600.0
jampp.com,jampp.com,29-apr-2021,1619654400.0
jiwire.com,jiwire.com,21-may-2021,1621555200.0
jmp9.com,jmp9.com,05-aug-2021,1628121600.0
jokedollars.com,jokedollars.com,07-feb-2021,1612656000.0
jscount.com,jscount.com,05-feb-2022,1644019200.0
juiceadv.com,juiceadv.com,29-jan-2021,1611878400.0
julysystems.com,julysystems.com,08-jan-2023,1673136000.0
kadam.net,kadam.net,23-jan-2024,1705968000.0
kaotic.com,kaotic.com,13-nov-2023,1699833600.0
kavanga.ru,kavanga.ru,31-may-2021,1622419200.0
kejet.net,kejet.net,05-nov-2021,1636070400.0
ketads.com,ketads.com,28-mar-2021,1616889600.0
keydot.net,keydot.net,06-jul-2021,1625529600.0
keynotedeviceanywhere.com,keynotedeviceanywhere.com,15-mar-2022,1647302400.0
kiip.me,kiip.me,07-jun-2022,1654560000.0
kimia.com,kimia.com,26-apr-2021,1619395200.0
kixer.com,kixer.com,29-may-2021,1622246400.0
kma.biz,kma.biz,10-jun-2021,1623283200.0
knorex.com,knorex.com,27-apr-2021,1619481600.0
kochava.com,kochava.com,07-apr-2021,1617753600.0
krxd.net,krxd.net,18-may-2021,1621296000.0
kukuplay.com,kukuplay.com,13-jun-2021,1623542400.0
laohuangli365.com,laohuangli365.com,17-jul-2021,1626480000.0
launch1.co,launch1.co,05-aug-2021,1628121600.0
leadbolt.com,leadbolt.com,25-apr-2021,1619308800.0
leadbolt.net,leadbolt.net,02-jun-2021,1622592000.0
leadboltads.net,leadboltads.net,01-nov-2022,1667260800.0
leadboltapps.net,leadboltapps.net,24-feb-2021,1614124800.0
leadgid.ru,leadgid.ru,09-apr-2021,1617926400.0
leads.su,leads.su,13-dec-2021,1639353600.0
leadzutw.com,leadzutw.com,06-nov-2021,1636156800.0
lean.com,lean.com,19-dec-2025,1766102400.0
legolas-media.com,legolas-media.com,26-may-2021,1621987200.0
lentainform.com,lentainform.com,20-jun-2021,1624147200.0
lightningcast.net,lightningcast.net,28-may-2021,1622160000.0
localytics.com,localytics.com,07-jul-2021,1625616000.0
loopme.biz,loopme.biz,21-feb-2021,1613865600.0
loopme.me,loopme.me,22-aug-2021,1629590400.0
lp4.io,lp4.io,09-feb-2021,1612828800.0
luxadv.com,luxadv.com,13-feb-2022,1644710400.0
lxqcgj.com,lxqcgj.com,06-jun-2021,1622937600.0
m-shes.ru,m-shes.ru,21-jan-2021,1611187200.0
m1-shop.ru,m1-shop.ru,23-jun-2021,1624406400.0
m2pub.com,m2pub.com,12-jun-2021,1623456000.0
ma-code.ru,ma-code.ru,18-jun-2021,1623974400.0
madadsmedia.com,madadsmedia.com,20-feb-2024,1708387200.0
madnet.ru,madnet.ru,09-aug-2021,1628467200.0
madserve.org,madserve.org,21-may-2022,1653091200.0
madsone.com,madsone.com,22-jan-2021,1611273600.0
madvertise.com,madvertise.com,01-aug-2023,1690848000.0
magnetic.com,magnetic.com,21-may-2021,1621555200.0
mainadv.com,mainadv.com,14-sep-2021,1631577600.0
mallmotion.com,mallmotion.com,27-mar-2021,1616803200.0
marfeel.com,marfeel.com,31-jul-2024,1722384000.0
marinsm.com,marinsm.com,08-feb-2025,1738972800.0
marketgid.com,marketgid.com,11-dec-2021,1639180800.0
marketron.com,marketron.com,28-jul-2024,1722124800.0
markmonitor.com,markmonitor.com,23-apr-2021,1619136000.0
maroonspider.com,maroonspider.com,14-may-2021,1620950400.0
marsads.com,marsads.com,11-may-2023,1683763200.0
mastermind.com,mastermind.com,26-sep-2021,1632614400.0
matheranalytics.com,matheranalytics.com,23-oct-2022,1666483200.0
mathtag.com,mathtag.com,13-dec-2021,1639353600.0
matomy.com,matomy.com,15-jul-2021,1626307200.0
maxonclick.com,maxonclick.com,27-apr-2021,1619481600.0
mbn.com.ua,mbn.com.ua,12-feb-2021,1613088000.0
mdotm.com,mdotm.com,13-sep-2021,1631491200.0
measuread.com,measuread.com,15-jan-2021,1610668800.0
measurementapi.com,measurementapi.com,10-aug-2026,1786320000.0
mebof.com,mebof.com,24-jan-2021,1611446400.0
media-match.com,media-match.com,25-sep-2022,1664064000.0
mediaarmor.com,mediaarmor.com,18-mar-2021,1616025600.0
mediabridge.cc,mediabridge.cc,09-may-2021,1620518400.0
mediabrix.com,mediabrix.com,19-apr-2021,1618790400.0
mediaforge.com,mediaforge.com,25-jul-2022,1658707200.0
mediaiqdigital.com,mediaiqdigital.com,09-sep-2021,1631145600.0
medialand.ru,medialand.ru,01-sep-2021,1630454400.0
medialytics.com,medialytics.com,25-jun-2021,1624579200.0
medianetworks.ru,medianetworks.ru,07-jul-2021,1625616000.0
mediashakers.com,mediashakers.com,07-nov-2023,1699315200.0
mediav.com,mediav.com,25-aug-2021,1629849600.0
mediawayss.com,mediawayss.com,25-aug-2021,1629849600.0
medio.com,medio.com,21-jun-2021,1624233600.0
meendocash.com,meendocash.com,23-aug-2021,1629676800.0
megago.com,megago.com,20-feb-2021,1613779200.0
memeglobal.com,memeglobal.com,24-jun-2021,1624492800.0
metanetwork.net,metanetwork.net,11-may-2021,1620691200.0
metaresolver.com,metaresolver.com,10-mar-2021,1615334400.0
metrilo.com,metrilo.com,06-apr-2021,1617667200.0
mgage.com,mgage.com,08-aug-2021,1628380800.0
miaozhen.com,miaozhen.com,13-dec-2021,1639353600.0
microad.net,microad.net,19-dec-2021,1639872000.0
midasplayer.com,midasplayer.com,14-mar-2021,1615680000.0
midnightclicking.com,midnightclicking.com,13-feb-2021,1613174400.0
millenialmedia.com,millenialmedia.com,16-jun-2021,1623801600.0
millennialmedia.com,millennialmedia.com,17-jan-2022,1642377600.0
mindmemobile.com,mindmemobile.com,23-jun-2021,1624406400.0
minimob.com,minimob.com,20-oct-2021,1634688000.0
misterbell.com,misterbell.com,20-may-2021,1621468800.0
miva.com,miva.com,13-oct-2021,1634083200.0
mixadvert.com,mixadvert.com,12-mar-2021,1615507200.0
mixmarket.biz,mixmarket.biz,10-feb-2021,1612915200.0
mmaglobal.com,mmaglobal.com,07-jan-2022,1641513600.0
mmccint.com,mmccint.com,26-mar-2022,1648252800.0
mmedia.com,mmedia.com,16-apr-2022,1650067200.0
mng-ads.com,mng-ads.com,17-jun-2023,1686960000.0
moat.com,moat.com,26-may-2021,1621987200.0
mob-server.com,mob-server.com,15-jul-2021,1626307200.0
mobalert.net,mobalert.net,18-feb-2021,1613606400.0
mobcdn.com,mobcdn.com,31-jul-2021,1627689600.0
mobclix.com,mobclix.com,23-mar-2021,1616457600.0
mobday.com,mobday.com,24-jul-2021,1627084800.0
mobfox.com,mobfox.com,21-mar-2021,1616284800.0
mobgold.com,mobgold.com,01-jun-2021,1622505600.0
mobiads.ru,mobiads.ru,21-jun-2021,1624233600.0
mobicow.com,mobicow.com,01-may-2021,1619827200.0
mobidea.com,mobidea.com,06-sep-2022,1662422400.0
mobilda.com,mobilda.com,25-jan-2023,1674604800.0
mobile333.com,mobile333.com,04-mar-2021,1614816000.0
mobileactive.com,mobileactive.com,10-may-2021,1620604800.0
mobileader.ru,mobileader.ru,24-mar-2021,1616544000.0
mobileadvertisinghub.com,mobileadvertisinghub.com,27-jan-2021,1611705600.0
mobilebanner.ru,mobilebanner.ru,04-aug-2021,1628035200.0
mobilecore.com,mobilecore.com,16-nov-2021,1637020800.0
mobilefuse.com,mobilefuse.com,11-oct-2021,1633910400.0
mobileposse.com,mobileposse.com,26-jul-2021,1627257600.0
mobilestorm.com,mobilestorm.com,08-jun-2026,1780876800.0
mobiletheory.com,mobiletheory.com,30-mar-2021,1617062400.0
mobimagic.com,mobimagic.com,07-jun-2021,1623024000.0
mobioffers.ru,mobioffers.ru,04-apr-2021,1617494400.0
mobiright.com,mobiright.com,02-may-2021,1619913600.0
mobisla.com,mobisla.com,18-feb-2021,1613606400.0
mobivity.com,mobivity.com,15-mar-2021,1615766400.0
mobixell.com,mobixell.com,12-oct-2023,1697068800.0
moboland.net,moboland.net,15-apr-2021,1618444800.0
mobon.com,mobon.com,10-mar-2021,1615334400.0
mobpartner.com,mobpartner.com,20-mar-2021,1616198400.0
mobpowertech.com,mobpowertech.com,25-nov-2021,1637798400.0
mobrand.net,mobrand.net,17-nov-2021,1637107200.0
mobstac.com,mobstac.com,08-mar-2021,1615161600.0
mobusi.com,mobusi.com,13-oct-2028,1855008000.0
mobvista.com,mobvista.com,24-oct-2021,1635033600.0
mocean.com,mocean.com,13-dec-2029,1891814400.0
mocean.mobi,mocean.mobi,22-jul-2023,1689984000.0
moceanmobile.com,moceanmobile.com,22-jul-2023,1689984000.0
mofox.com,mofox.com,13-jun-2024,1718236800.0
mogreet.com,mogreet.com,30-jun-2022,1656547200.0
mologiq.net,mologiq.net,21-dec-2021,1640044800.0
monetizemore.com,monetizemore.com,20-feb-2021,1613779200.0
moolahmedia.com,moolahmedia.com,05-oct-2021,1633392000.0
morgdm.ru,morgdm.ru,21-nov-2021,1637452800.0
motoads.com,motoads.com,04-apr-2021,1617494400.0
motricity.com,motricity.com,27-aug-2021,1630022400.0
motrixi.com,motrixi.com,05-may-2021,1620172800.0
moversa.com,moversa.com,04-apr-2022,1649030400.0
movi11.com,movi11.com,26-mar-2021,1616716800.0
mpire.com,mpire.com,09-mar-2021,1615248000.0
mpnrs.com,mpnrs.com,28-sep-2021,1632787200.0
mprezchc.com,mprezchc.com,22-may-2021,1621641600.0
msads.net,msads.net,10-apr-2021,1618012800.0
msales.com,msales.com,26-jun-2021,1624665600.0
mtburn.com,mtburn.com,27-mar-2021,1616803200.0
mtrcss.com,mtrcss.com,03-oct-2021,1633219200.0
mxpnl.com,mxpnl.com,01-aug-2025,1754006400.0
mxtads.com,mxtads.com,30-may-2021,1622332800.0
mxtsr.com,mxtsr.com,17-may-2021,1621209600.0
mybestmv.com,mybestmv.com,05-mar-2021,1614902400.0
mybuys.com,mybuys.com,11-sep-2021,1631318400.0
mydas.mobi,mydas.mobi,20-sep-2021,1632096000.0
myscreen.com,myscreen.com,19-mar-2021,1616112000.0
mythings.com,mythings.com,06-jul-2021,1625529600.0
myvisualiq.net,myvisualiq.net,13-dec-2022,1670889600.0
mzbcdn.net,mzbcdn.net,21-may-2021,1621555200.0
n1275adserv.xyz,n1275adserv.xyz,05-jul-2021,1625443200.0
n176adserv.com,n176adserv.com,24-apr-2021,1619222400.0
naiadsystems.com,naiadsystems.com,27-apr-2021,1619481600.0
namimedia.com,namimedia.com,04-may-2021,1620086400.0
nanigans.com,nanigans.com,18-jan-2024,1705536000.0
nasdfg.com,nasdfg.com,14-jul-2021,1626220800.0
nativex.com,nativex.com,27-apr-2021,1619481600.0
ncaudienceexchange.com,ncaudienceexchange.com,14-nov-2021,1636848000.0
nclick.org,nclick.org,22-may-2021,1621641600.0
nend.net,nend.net,22-sep-2021,1632268800.0
neoban.su,neoban.su,06-aug-2021,1628208000.0
netmng.com,netmng.com,08-dec-2021,1638921600.0
netseer.com,netseer.com,03-aug-2021,1627948800.0
networld.hk,networld.hk,20-sep-2023,1695168000.0
newonads.com,newonads.com,20-jun-2022,1655683200.0
nex8.net,nex8.net,07-dec-2021,1638835200.0
nexac.com,nexac.com,30-oct-2021,1635552000.0
nextclick.pl,nextclick.pl,16-feb-2022,1644969600.0
nickhel.com,nickhel.com,10-jun-2021,1623283200.0
nixozz.com,nixozz.com,23-mar-2021,1616457600.0
nmcdn.us,nmcdn.us,29-apr-2022,1651190400.0
nomalleadzuaff.com,nomalleadzuaff.com,06-apr-2021,1617667200.0
nr-data.net,nr-data.net,11-apr-2021,1618099200.0
nspmotion.com,nspmotion.com,08-jul-2021,1625702400.0
numbers.md,numbers.md,20-may-2021,1621468800.0
oclaserver.com,oclaserver.com,01-oct-2021,1633046400.0
oconner.biz,oconner.biz,29-mar-2021,1616976000.0
offerfusion.com,offerfusion.com,11-mar-2025,1741651200.0
ogury.com,ogury.com,31-may-2021,1622419200.0
omtrdc.net,omtrdc.net,22-jul-2021,1626912000.0
onedmp.com,onedmp.com,22-aug-2021,1629590400.0
onedrive.su,onedrive.su,07-apr-2021,1617753600.0
onesignal.com,onesignal.com,10-sep-2024,1725926400.0
onewaylinkexchange.net,onewaylinkexchange.net,27-jan-2021,1611705600.0
online-dn.com,online-dn.com,14-mar-2022,1647216000.0
onmobile.com,onmobile.com,10-jan-2023,1673308800.0
onthe.io,onthe.io,29-jan-2021,1611878400.0
opensharecount.com,opensharecount.com,04-nov-2021,1635984000.0
openvideoads.com,openvideoads.com,17-jun-2021,1623888000.0
openvideoads.org,openvideoads.org,24-jul-2021,1627084800.0
openx.net,openx.net,08-nov-2021,1636329600.0
openxenterprise.com,openxenterprise.com,22-sep-2021,1632268800.0
opinionstage.com,opinionstage.com,15-jan-2024,1705276800.0
optad360.io,optad360.io,12-mar-2021,1615507200.0
optaim.com,optaim.com,23-sep-2021,1632355200.0
optimatic.com,optimatic.com,05-apr-2021,1617580800.0
optimix.asia,optimix.asia,13-feb-2021,1613174400.0
optimizelyapis.com,optimizelyapis.com,18-feb-2021,1613606400.0
otherlevels.com,otherlevels.com,04-may-2021,1620086400.0
out-there-media.com,out-there-media.com,25-oct-2021,1635120000.0
owap.su,owap.su,22-jun-2021,1624320000.0
padsdel.com,padsdel.com,10-apr-2021,1618012800.0
padstm.com,padstm.com,10-apr-2021,1618012800.0
papayamobile.com,papayamobile.com,09-nov-2021,1636416000.0
parrable.com,parrable.com,15-mar-2021,1615766400.0
partnerearning.com,partnerearning.com,14-jan-2021,1610582400.0
pay-click.ru,pay-click.ru,13-may-2021,1620864000.0
performancehorizon.com,performancehorizon.com,05-may-2022,1651708800.0
permutive.com,permutive.com,03-mar-2021,1614729600.0
persona.ly,persona.ly,07-aug-2021,1628294400.0
personaly.click,personaly.click,23-jun-2021,1624406400.0
phimmedia03.com,phimmedia03.com,21-may-2021,1621555200.0
phizzle.com,phizzle.com,28-aug-2021,1630108800.0
phluant.com,phluant.com,12-jul-2021,1626048000.0
phunware.com,phunware.com,04-feb-2021,1612396800.0
pingmedia.ru,pingmedia.ru,28-jun-2021,1624838400.0
pippio.com,pippio.com,04-jul-2022,1656892800.0
pixel.watch,pixel.watch,18-sep-2021,1631923200.0
pixels.asia,pixels.asia,01-aug-2022,1659312000.0
pixfuture.net,pixfuture.net,22-oct-2021,1634860800.0
placeplay.com,placeplay.com,28-may-2021,1622160000.0
playhaven.com,playhaven.com,02-dec-2021,1638403200.0
playnomics.net,playnomics.net,25-jan-2021,1611532800.0
playtomic.com,playtomic.com,28-may-2021,1622160000.0
plethoramobile.com,plethoramobile.com,09-aug-2021,1628467200.0
pndelfast.com,pndelfast.com,25-may-2021,1621900800.0
pocketmath.com,pocketmath.com,20-oct-2022,1666224000.0
polarcdn-pentos.com,polarcdn-pentos.com,19-apr-2021,1618790400.0
polarcdn-terrax.com,polarcdn-terrax.com,14-may-2022,1652486400.0
polyad.net,polyad.net,07-jan-2022,1641513600.0
polymob.com,polymob.com,09-mar-2021,1615248000.0
pop.bid,pop.bid,27-apr-2026,1777248000.0
popads.com,popads.com,05-dec-2021,1638662400.0
popads.media,popads.media,25-jun-2022,1656115200.0
popunderz.com,popunderz.com,18-feb-2021,1613606400.0
postitial.com,postitial.com,10-may-2021,1620604800.0
presage.io,presage.io,01-may-2022,1651363200.0
prime31.com,prime31.com,31-may-2022,1653955200.0
privetapp.ru,privetapp.ru,03-aug-2021,1627948800.0
privy.com,privy.com,21-jan-2023,1674259200.0
promotionengine.com,promotionengine.com,12-nov-2021,1636675200.0
prooffactor.com,prooffactor.com,09-may-2029,1872979200.0
propellerpops.com,propellerpops.com,20-apr-2021,1618876800.0
protexting.com,protexting.com,25-apr-2021,1619308800.0
prre.ru,prre.ru,08-jun-2021,1623110400.0
psma02.com,psma02.com,27-may-2021,1622073600.0
psstt.com,psstt.com,25-feb-2022,1645747200.0
pub.network,pub.network,10-may-2021,1620604800.0
pub1.co,pub1.co,02-nov-2021,1635811200.0
pub2srv.com,pub2srv.com,01-oct-2021,1633046400.0
pubnative.info,pubnative.info,26-may-2021,1621987200.0
pubnative.net,pubnative.net,26-may-2021,1621987200.0
puhtml.com,puhtml.com,14-apr-2021,1618358400.0
pulse360.com,pulse360.com,18-jun-2025,1750204800.0
pushnative.com,pushnative.com,31-mar-2021,1617148800.0
qgss8.com,qgss8.com,20-mar-2021,1616198400.0
qservz.com,qservz.com,25-oct-2021,1635120000.0
quakemarketing.com,quakemarketing.com,15-mar-2022,1647302400.0
quantcount.com,quantcount.com,21-sep-2022,1663718400.0
questionmarket.com,questionmarket.com,20-jun-2021,1624147200.0
quigo.com,quigo.com,23-feb-2022,1645574400.0
r7mediar.com,r7mediar.com,24-jun-2021,1624492800.0
radiumone.com,radiumone.com,14-jun-2021,1623628800.0
rayjump.com,rayjump.com,06-sep-2025,1757116800.0
rbnt.org,rbnt.org,23-apr-2022,1650672000.0
realclever.com,realclever.com,17-mar-2021,1615939200.0
reate.info,reate.info,10-may-2021,1620604800.0
recreativ.ru,recreativ.ru,19-nov-2021,1637280000.0
redclick.ru,redclick.ru,11-feb-2021,1613001600.0
redintelligence.net,redintelligence.net,24-may-2021,1621814400.0
redirect2719.ws,redirect2719.ws,09-sep-2021,1631145600.0
redirectnative.com,redirectnative.com,09-feb-2021,1612828800.0
redirectpopads.com,redirectpopads.com,01-dec-2021,1638316800.0
redirectvoluum.com,redirectvoluum.com,02-aug-2024,1722556800.0
redmas.com,redmas.com,19-may-2021,1621382400.0
redtram.com,redtram.com,30-nov-2023,1701302400.0
reduxmediagroup.com,reduxmediagroup.com,05-aug-2021,1628121600.0
registeridm.com,registeridm.com,14-mar-2023,1678752000.0
rek.mobi,rek.mobi,05-may-2021,1620172800.0
reklamport.com,reklamport.com,14-may-2021,1620950400.0
reklamz.com,reklamz.com,10-jul-2021,1625875200.0
relap.io,relap.io,14-aug-2021,1628899200.0
remarketingpixel.com,remarketingpixel.com,29-sep-2021,1632873600.0
reporo.net,reporo.net,24-feb-2021,1614124800.0
responsys.net,responsys.net,23-jan-2021,1611360000.0
restartad.com,restartad.com,27-jan-2021,1611705600.0
retagro.com,retagro.com,21-dec-2021,1640044800.0
rev2pub.com,rev2pub.com,12-jun-2021,1623456000.0
revenue.com,revenue.com,17-aug-2026,1786924800.0
revmob.com,revmob.com,19-dec-2021,1639872000.0
revrtb.com,revrtb.com,03-may-2021,1620000000.0
reward2spot.com,reward2spot.com,04-apr-2021,1617494400.0
rfihub.com,rfihub.com,14-may-2021,1620950400.0
richpays.com,richpays.com,05-may-2021,1620172800.0
rightmedia.com,rightmedia.com,30-mar-2021,1617062400.0
rlcdn.com,rlcdn.com,26-nov-2022,1669420800.0
rocketfuel.com,rocketfuel.com,25-jun-2021,1624579200.0
roosterfirework.com,roosterfirework.com,26-jan-2021,1611619200.0
rotaban.ru,rotaban.ru,25-jul-2021,1627171200.0
rtbidder.net,rtbidder.net,29-jan-2021,1611878400.0
run-syndicate.com,run-syndicate.com,25-oct-2021,1635120000.0
runads.com,runads.com,06-dec-2023,1701820800.0
rundsp.com,rundsp.com,12-apr-2022,1649721600.0
safegraph.com,safegraph.com,30-mar-2021,1617062400.0
safelyawake.com,safelyawake.com,06-feb-2021,1612569600.0
sam4m.com,sam4m.com,19-sep-2021,1632009600.0
samsungacr.com,samsungacr.com,21-mar-2021,1616284800.0
samsungads.com,samsungads.com,26-jun-2024,1719360000.0
sascdn.com,sascdn.com,29-aug-2021,1630195200.0
saspreview.com,saspreview.com,06-aug-2021,1628208000.0
sbbanner.com,sbbanner.com,12-mar-2021,1615507200.0
sbs-ad.com,sbs-ad.com,14-jul-2021,1626220800.0
sc-static.net,sc-static.net,16-mar-2021,1615852800.0
scientiamobile.com,scientiamobile.com,01-feb-2022,1643673600.0
scopelight.com,scopelight.com,27-apr-2021,1619481600.0
scorecardresearch.com,scorecardresearch.com,01-nov-2021,1635724800.0
searchfeast.com,searchfeast.com,12-jun-2021,1623456000.0
senddroid.com,senddroid.com,29-jan-2021,1611878400.0
serv0.com,serv0.com,08-mar-2021,1615161600.0
serving-sys.com,serving-sys.com,16-apr-2022,1650067200.0
sessionm.com,sessionm.com,01-jun-2021,1622505600.0
sezwho.com,sezwho.com,11-aug-2021,1628640000.0
signalhq.com,signalhq.com,09-jun-2021,1623196800.0
silvermob.com,silvermob.com,25-aug-2021,1629849600.0
simplesharebuttons.com,simplesharebuttons.com,26-mar-2021,1616716800.0
simpletexting.com,simpletexting.com,11-sep-2024,1726012800.0
simplycast.com,simplycast.com,22-sep-2021,1632268800.0
singular.net,singular.net,09-aug-2023,1691539200.0
sistacked.com,sistacked.com,01-jun-2021,1622505600.0
sitemaji.com,sitemaji.com,30-mar-2025,1743292800.0
sitescout.com,sitescout.com,12-may-2021,1620777600.0
slickaffiliate.com,slickaffiliate.com,03-aug-2021,1627948800.0
slicktext.com,slicktext.com,12-oct-2025,1760227200.0
smaato.com,smaato.com,09-jun-2021,1623196800.0
smaato.net,smaato.net,16-may-2021,1621123200.0
smart4ads.com,smart4ads.com,03-mar-2023,1677801600.0
smartadserver.ru,smartadserver.ru,26-mar-2021,1616716800.0
smartdevicemedia.com,smartdevicemedia.com,08-mar-2021,1615161600.0
smartmad.com,smartmad.com,28-feb-2022,1646006400.0
snapads.com,snapads.com,11-dec-2025,1765411200.0
snapgiant.com,snapgiant.com,15-feb-2021,1613347200.0
snapmobile.asia,snapmobile.asia,31-jul-2022,1659225600.0
snnd.co,snnd.co,14-feb-2021,1613260800.0
socdm.com,socdm.com,09-feb-2023,1675900800.0
sociaplus.com,sociaplus.com,24-mar-2021,1616544000.0
sociomantic.com,sociomantic.com,19-mar-2021,1616112000.0
splicky.com,splicky.com,06-may-2021,1620259200.0
sponsorpay.com,sponsorpay.com,23-sep-2021,1632355200.0
spotlight.ee,spotlight.ee,30-mar-2021,1617062400.0
spotscenered.info,spotscenered.info,08-aug-2021,1628380800.0
sprout-ad.com,sprout-ad.com,18-may-2021,1621296000.0
spykemediatrack.com,spykemediatrack.com,20-jan-2021,1611100800.0
ssphwy.com,ssphwy.com,04-feb-2021,1612396800.0
starffa.com,starffa.com,09-apr-2021,1617926400.0
startapp.com,startapp.com,16-oct-2021,1634342400.0
startappservice.com,startappservice.com,21-oct-2021,1634774400.0
stat.su,stat.su,14-jan-2021,1610582400.0
steelhouse.com,steelhouse.com,30-jun-2021,1625011200.0
steelhousemedia.com,steelhousemedia.com,21-apr-2022,1650499200.0
strikead.com,strikead.com,03-oct-2021,1633219200.0
strikeiron.com,strikeiron.com,10-dec-2021,1639094400.0
sumatoad.com,sumatoad.com,07-apr-2022,1649289600.0
sumome.com,sumome.com,06-dec-2021,1638748800.0
superad2.com.sg,superad2.com.sg,23-nov-2021,1637625600.0
supersonicads.com,supersonicads.com,15-jan-2021,1610668800.0
swelen.com,swelen.com,11-apr-2022,1649635200.0
swrve.com,swrve.com,06-aug-2021,1628208000.0
sync2ad.com,sync2ad.com,04-sep-2021,1630713600.0
tabcompany.com,tabcompany.com,26-feb-2021,1614297600.0
taboolasyndication.com,taboolasyndication.com,13-aug-2026,1786579200.0
tacoda.net,tacoda.net,17-jan-2022,1642377600.0
takip.site,takip.site,29-jul-2021,1627516800.0
tanx.com,tanx.com,08-sep-2022,1662595200.0
tap.company,tap.company,20-jul-2021,1626739200.0
tapfortap.com,tapfortap.com,02-feb-2021,1612224000.0
tapgen.com,tapgen.com,12-mar-2021,1615507200.0
tapit.com,tapit.com,24-jan-2021,1611446400.0
tapjoy.net,tapjoy.net,02-jan-2023,1672617600.0
tappx.com,tappx.com,14-nov-2022,1668384000.0
tapstat.ru,tapstat.ru,07-may-2021,1620345600.0
taptica.com,taptica.com,18-jan-2021,1610928000.0
targetspot.com,targetspot.com,26-jul-2021,1627257600.0
tdxio.com,tdxio.com,08-jan-2024,1704672000.0
telemetryverification.net,telemetryverification.net,29-jul-2021,1627516800.0
tend.io,tend.io,19-sep-2021,1632009600.0
teracreative.com,teracreative.com,21-may-2021,1621555200.0
terraclicks.com,terraclicks.com,14-apr-2021,1618358400.0
theglassbox.com,theglassbox.com,23-apr-2021,1619136000.0
theoremreach.com,theoremreach.com,25-jul-2021,1627171200.0
thetrafficstat.net,thetrafficstat.net,23-jan-2021,1611360000.0
thinknear.com,thinknear.com,21-mar-2022,1647820800.0
thinkupfront.com,thinkupfront.com,02-may-2021,1619913600.0
thoughtleadr.com,thoughtleadr.com,12-may-2021,1620777600.0
thrtle.com,thrtle.com,08-dec-2022,1670457600.0
tiqcdn.com,tiqcdn.com,11-jul-2022,1657497600.0
tizerclik.com,tizerclik.com,03-jul-2021,1625270400.0
tnkfactory.com,tnkfactory.com,10-jun-2023,1686355200.0
todacell.com,todacell.com,14-feb-2021,1613260800.0
tongqing2015.com,tongqing2015.com,30-jun-2021,1625011200.0
top20.com,top20.com,23-jan-2022,1642896000.0
topblogarea.se,topblogarea.se,17-jun-2021,1623888000.0
touchads.com,touchads.com,29-may-2021,1622246400.0
tpbid.com,tpbid.com,28-aug-2021,1630108800.0
trademob.com,trademob.com,19-jun-2021,1624060800.0
traktum.com,traktum.com,18-jan-2028,1831766400.0
tremorhub.com,tremorhub.com,10-may-2022,1652140800.0
tremormedia.com,tremormedia.com,20-jun-2021,1624147200.0
tremorvideo.com,tremorvideo.com,10-nov-2021,1636502400.0
trfmxt.com,trfmxt.com,04-sep-2021,1630713600.0
trialpay.com,trialpay.com,06-feb-2022,1644105600.0
tribpubads.com,tribpubads.com,15-jul-2021,1626307200.0
truoctran.com,truoctran.com,08-may-2021,1620432000.0
ttringwall.com,ttringwall.com,27-jul-2021,1627344000.0
u-ad.info,u-ad.info,25-sep-2021,1632528000.0
uauniverse.com,uauniverse.com,24-mar-2021,1616544000.0
uberads.com,uberads.com,14-feb-2021,1613260800.0
ubermeasure.com,ubermeasure.com,10-aug-2021,1628553600.0
uimserv.net,uimserv.net,19-jan-2021,1611014400.0
ultraadserver.com,ultraadserver.com,23-dec-2021,1640217600.0
umbel.com,umbel.com,05-jun-2021,1622851200.0
umeng.co,umeng.co,23-may-2021,1621728000.0
umengcloud.com,umengcloud.com,14-jul-2022,1657756800.0
umtrack.com,umtrack.com,25-jun-2022,1656115200.0
unicume.com,unicume.com,20-jul-2021,1626739200.0
unileadnetwork.com,unileadnetwork.com,02-apr-2022,1648857600.0
unimhk.com,unimhk.com,18-nov-2021,1637193600.0
unityads.com,unityads.com,02-jul-2021,1625184000.0
unlitui.com,unlitui.com,29-jun-2021,1624924800.0
unthem.com,unthem.com,05-apr-2022,1649116800.0
upalytics.com,upalytics.com,14-jun-2021,1623628800.0
updated.com,updated.com,21-may-2027,1810857600.0
upee.online,upee.online,18-aug-2021,1629244800.0
upsight-api.com,upsight-api.com,03-apr-2021,1617408000.0
upsight.com,upsight.com,29-aug-2022,1661731200.0
upsnap.com,upsnap.com,02-apr-2022,1648857600.0
urbanityadnetwork.com,urbanityadnetwork.com,17-feb-2021,1613520000.0
use-application-dns.net,use-application-dns.net,04-jul-2022,1656892800.0
usekahuna.com,usekahuna.com,01-sep-2021,1630454400.0
usergrid.com,usergrid.com,26-feb-2021,1614297600.0
uservoice.com,uservoice.com,06-jan-2028,1830729600.0
utarget.ru,utarget.ru,22-dec-2021,1640131200.0
uyunad.com,uyunad.com,09-jun-2021,1623196800.0
valegaj.com,valegaj.com,08-nov-2021,1636329600.0
valshara.com,valshara.com,08-feb-2021,1612742400.0
vamaker.com,vamaker.com,07-jul-2022,1657152000.0
varielcontentdelivery.info,varielcontentdelivery.info,17-jul-2021,1626480000.0
varravgames.com,varravgames.com,13-apr-2021,1618272000.0
vcdn.biz,vcdn.biz,19-dec-2025,1766102400.0
vdopia.com,vdopia.com,24-mar-2021,1616544000.0
vectaury.io,vectaury.io,09-feb-2021,1612828800.0
veeseo.com,veeseo.com,18-mar-2022,1647561600.0
veirregnant.club,veirregnant.club,09-aug-2021,1628467200.0
velti.com,velti.com,07-mar-2021,1615075200.0
vendimob.pl,vendimob.pl,10-dec-2021,1639094400.0
vervemobile.com,vervemobile.com,16-may-2021,1621123200.0
vi-serve.com,vi-serve.com,12-jul-2021,1626048000.0
videoplaza.com,videoplaza.com,06-aug-2022,1659744000.0
videoplaza.tv,videoplaza.tv,14-aug-2021,1628899200.0
vidora.com,vidora.com,17-sep-2021,1631836800.0
vidout.net,vidout.net,11-apr-2021,1618099200.0
vietbuzzad.com,vietbuzzad.com,23-sep-2021,1632355200.0
viewclc.com,viewclc.com,04-aug-2021,1628035200.0
viewpoint.com,viewpoint.com,15-may-2021,1621036800.0
viewwonder.com,viewwonder.com,01-jun-2021,1622505600.0
vindicosuite.com,vindicosuite.com,01-apr-2021,1617235200.0
visiblemeasures.com,visiblemeasures.com,30-jun-2022,1656547200.0
visitweb.com,visitweb.com,28-jul-2021,1627430400.0
visualrevenue.com,visualrevenue.com,30-nov-2021,1638230400.0
vm5apis.com,vm5apis.com,31-jul-2021,1627689600.0
vmweb.net,vmweb.net,13-jun-2021,1623542400.0
vnet.cn,vnet.cn,17-mar-2022,1647475200.0
vntsm.com,vntsm.com,30-dec-2023,1703894400.0
vogo-vogo.ru,vogo-vogo.ru,21-jan-2021,1611187200.0
vsassets.com,vsassets.com,28-may-2021,1622160000.0
vserv.mobi,vserv.mobi,23-oct-2029,1887408000.0
w3i.com,w3i.com,04-oct-2021,1633305600.0
wap-click.com,wap-click.com,01-mar-2022,1646092800.0
waps.cn,waps.cn,27-nov-2022,1669507200.0
wapstart.ru,wapstart.ru,21-nov-2021,1637452800.0
warp.ly,warp.ly,18-apr-2021,1618704000.0
wbn.su,wbn.su,23-jul-2021,1626998400.0
wda.com,wda.com,11-may-2025,1746921600.0
weborama.net,weborama.net,14-jun-2021,1623628800.0
whereapps.com,whereapps.com,27-apr-2021,1619481600.0
widdit.com,widdit.com,09-mar-2023,1678320000.0
widespace.com,widespace.com,04-apr-2021,1617494400.0
wigetmedia.com,wigetmedia.com,08-nov-2021,1636329600.0
wiyun.com,wiyun.com,02-apr-2021,1617321600.0
wmhlch.com,wmhlch.com,22-may-2021,1621641600.0
wmip.ru,wmip.ru,14-jan-2021,1610582400.0
wmirk.ru,wmirk.ru,23-feb-2021,1614038400.0
wordego.com,wordego.com,22-may-2021,1621641600.0
wowanalytics.co.uk,wowanalytics.co.uk,22-nov-2022,1669075200.0
wrating.com,wrating.com,09-apr-2022,1649462400.0
wsod.com,wsod.com,08-apr-2021,1617840000.0
wzrkt.com,wzrkt.com,29-aug-2022,1661731200.0
xad.com,xad.com,14-dec-2022,1670976000.0
xdrig.com,xdrig.com,26-may-2022,1653523200.0
ximad.com,ximad.com,11-sep-2021,1631318400.0
xiti.com,xiti.com,01-mar-2021,1614556800.0
xius.com,xius.com,08-oct-2021,1633651200.0
xy7elite.com,xy7elite.com,08-may-2021,1620432000.0
xz15801.com,xz15801.com,24-jun-2021,1624492800.0
yandexadexchange.net,yandexadexchange.net,18-feb-2022,1645142400.0
ydworld.com,ydworld.com,23-feb-2021,1614038400.0
yeabble.com,yeabble.com,16-jul-2021,1626393600.0
yeahmobi.com,yeahmobi.com,25-apr-2021,1619308800.0
yemonisoni.com,yemonisoni.com,11-aug-2021,1628640000.0
yhdichan.com,yhdichan.com,13-aug-2021,1628812800.0
yluvo.com,yluvo.com,19-jun-2021,1624060800.0
ylx-1.com,ylx-1.com,11-jun-2021,1623369600.0
ylx-2.com,ylx-2.com,11-jun-2021,1623369600.0
ylx-3.com,ylx-3.com,11-jun-2021,1623369600.0
ylx-4.com,ylx-4.com,11-jun-2021,1623369600.0
ymtracking.com,ymtracking.com,09-aug-2022,1660003200.0
yoc-performance.com,yoc-performance.com,02-may-2021,1619913600.0
yoggrt.com,yoggrt.com,16-jan-2021,1610755200.0
youlamedia.com,youlamedia.com,22-apr-2021,1619049600.0
youmi.net,youmi.net,22-nov-2024,1732233600.0
youradexchange.com,youradexchange.com,09-nov-2021,1636416000.0
yourblocksite.com,yourblocksite.com,20-jul-2021,1626739200.0
yuhuads.com,yuhuads.com,23-mar-2021,1616457600.0
yume.com,yume.com,10-may-2021,1620604800.0
yumenetworks.com,yumenetworks.com,16-jun-2022,1655337600.0
zarget.com,zarget.com,01-sep-2023,1693526400.0
zcoup.com,zcoup.com,13-dec-2021,1639353600.0
zeepmedia.com,zeepmedia.com,01-apr-2021,1617235200.0
zestads.com,zestads.com,29-mar-2022,1648512000.0
zestadz.com,zestadz.com,26-jan-2021,1611619200.0
zhiziyun.com,zhiziyun.com,13-jul-2021,1626134400.0
ziffdavis.com,ziffdavis.com,26-jul-2024,1721952000.0
zintext.com,zintext.com,16-aug-2021,1629072000.0
zucks.net,zucks.net,30-mar-2021,1617062400.0
zumobi.com,zumobi.com,05-may-2021,1620172800.0
zwaar.org,zwaar.org,21-jul-2021,1626825600.0
2mdnsys.com,2mdnsys.com,26-dec-2021,1640476800.0
adbuddiz.com,adbuddiz.com,29-mar-2022,1648512000.0
admaster.com.cn,admaster.com.cn,06-jan-2022,1641427200.0
adotsolution.com,adotsolution.com,26-dec-2021,1640476800.0
adserver.com,adserver.com,08-jan-2022,1641600000.0
adsniper.ru,adsniper.ru,04-jan-2022,1641254400.0
adtrue.com,adtrue.com,24-dec-2023,1703376000.0
advertica-cdn.com,advertica-cdn.com,27-dec-2021,1640563200.0
ato.mx,ato.mx,10-jan-2022,1641772800.0
bayctrk.com,bayctrk.com,03-apr-2021,1617408000.0
bluelithium.com,bluelithium.com,07-jan-2022,1641513600.0
buzzcity.net,buzzcity.net,04-jan-2022,1641254400.0
c1exchange.com,c1exchange.com,13-jan-2022,1642032000.0
ccgateway.net,ccgateway.net,08-jan-2022,1641600000.0
cmcore.com,cmcore.com,05-jan-2022,1641340800.0
contentstream.pl,contentstream.pl,30-dec-2021,1640822400.0
cqlupb.com,cqlupb.com,26-dec-2021,1640476800.0
ident.me,ident.me,30-dec-2021,1640822400.0
kaffnet.com,kaffnet.com,05-jan-2022,1641340800.0
kiosked.com,kiosked.com,29-dec-2021,1640736000.0
